imo,anc_before_jit
1013315,-17009.030659999997
1014838,-6457.638222222224
1015820,24836.123125000006
1017775,6518.825733333333
1018547,99971.27673055553
1026726,10834.94722
1029716,-194235.79950083332
1030985,9748.869165555556
1031393,-15905.513749999998
1039357,-7699.768962499998
1043011,23583.333995833334
1047433,-56332.788735277776
1052256,-47891.1347
7930175,-888.65276
8353245,-9161.925655555555
8356156,40977.427016666676
8410392,-3277.611305
8575934,-15671.608610000003
8585185,-20745.323473333337
8599069,-9604.029832500002
8670746,-45227.23054333334
8701040,60506.67983055556
8705656,10183.582080000002
8705670,-13020.062295833333
8720450,-3795.124
8801814,-18942.53752222222
8806462,-44408.39806
8817801,2375.1135108333333
8818207,116573.9881275
8819275,2425.95312
8865171,-22931.25056
8903014,-10792.678186666666
8907412,-35553.803869166666
8907888,5215.073766666666
8911085,-11545.849058888893
8965294,51711.84921305555
9013701,-24517.03069444445
9021332,-43843.667583333336
9032331,81654.12011333334
9037965,-1799.5871183333334
9046435,-61172.74239055556
9047257,-32521.801469722224
9051791,-37238.775875
9056519,35353.41946666666
9058646,-17821.893629166665
9058751,25291.638974444446
9061679,40224.43990722222
9061928,-52638.43472833334
9062738,23484.09562
9066447,69409.17323555556
9070450,23652.248297777776
9072460,-5027.288525
9073402,-5517.41533
9081019,-44875.46659916666
9084372,7470.101680000001
9085613,-54292.18928194445
9085625,96842.84020222223
9085649,99227.04822055553
9085651,61184.54844499999
9086734,-90107.22347833333
9088768,-47486.830205
9101106,12804.35184
9102095,-28125.089883888893
9102241,15164.551848888888
9108271,13154.300729166664
9109988,15526.051233333334
9112117,-81900.15457500001
9115573,-46260.604065
9116589,-154960.46508333334
9117739,53909.34633027778
9118678,13810.31871166667
9125542,46689.542712500006
9125889,43959.77691388889
9128790,6791.366324166666
9134232,-258069.62778333333
9134971,2895.556274722222
9135535,15391.700743333333
9135547,-71684.09960277779
9138159,-7682.85288
9138161,2511.5334841666663
9140293,-3110.6079275
9141998,-9567.8235475
9142095,-13156.269505833334
9143465,7405.619787500001
9144134,17758.064005
9145281,-55330.691958888885
9147227,-89338.850435
9147708,-16021.556769166667
9154141,-7417.557375
9155145,22548.690166666667
9155391,-8914.582755277777
9156565,53314.988521666666
9159098,27620.605215
9160401,4714.139076666666
9160487,-68240.08946055554
9162112,5223.879906666666
9163465,19886.92463833333
9164249,16274.119341666668
9166675,133825.61912000002
9167459,67587.55676833334
9168269,-11840.530826666667
9168843,237612.8069575
9169316,75920.2133
9172301,-109300.1721711111
9174608,17177.230023333337
9175092,16552.074385
9175535,7936.187953055556
9175597,-30795.59619333333
9175602,-147023.66826527778
9176656,-79091.05963305556
9176759,-12624.392417500001
9177583,-66805.44554638887
9178393,-48235.74945888889
9179828,-34960.46660944445
9181742,-157461.33571111108
9182033,-137645.03722333332
9185463,-6051.330935000002
9185499,395.05880000000076
9185920,61548.75698277778
9186302,75051.09924305555
9186326,15430.208895555556
9186584,-1323.7347933333335
9186742,-44866.84673999999
9186950,-123671.31709916667
9189354,82943.33203638889
9189500,144278.09682222223
9190004,32425.75006583333
9193214,22419.377785
9194866,-26089.55262777778
9197040,-2804.0523883333335
9197143,32993.04012166666
9197155,-47650.709266666665
9197296,-53497.4797725
9197349,224.9420102777778
9197478,-41632.569146666676
9198288,93510.07143305556
9198587,115730.56329999998
9199127,-16723.649387499998
9200823,28514.98258111111
9202168,175676.2563888889
9202663,126446.1711561111
9202792,-76657.26968972222
9203796,-45983.468205
9204984,-23928.610139999997
9205067,-51390.545233333345
9205512,-54763.66060777778
9205677,-79912.07343916668
9208069,72254.835345
9208215,-107878.79807833332
9209283,9315.402333333333
9209958,-4409.2826724999995
9210268,-62856.48520277779
9211559,20359.127911944444
9212589,-15601.973909999999
9213105,-96198.34089999998
9214757,57690.33196
9214903,104771.45702000002
9215098,35529.039800833336
9216731,123062.45951805556
9216987,10684.873443888888
9219264,-36324.597668333336
9220196,-82581.65019
9220316,39509.43520527777
9220940,-42165.267504166666
9221114,31465.38814222222
9222338,9193.706054166667
9222467,58186.95308222222
9223540,97531.81421000001
9224324,-59099.40432666667
9224958,-60762.64163583333
9225342,-34987.73637333333
9225653,197001.46764
9227223,-53956.78819555556
9228710,-20369.03127944444
9229439,-61722.868833888904
9230012,-55136.62283333333
9230969,134321.935875
9230971,106677.1068088889
9231509,51954.261128333324
9231511,-44344.53993666667
9232022,21187.06070833333
9232058,-44306.836695
9232175,-48332.17062916666
9232400,30785.467067499998
9232761,-30007.9601675
9233234,40953.85197333333
9233260,2571.2494666666666
9233844,-166.0419791666667
9234094,17446.412605
9234343,-25669.61594277778
9234666,-126114.91995083334
9234678,15451.627125
9235567,-26673.155241666667
9236250,11442.053345277778
9236561,19805.23587416667
9236858,-36480.194208333334
9236896,29191.30108500001
9236913,-11693.96344
9237412,-46864.76434611111
9237618,-149743.08103111113
9237797,59389.11524083334
9238624,-47643.42014833333
9238789,-189351.85939000003
9239472,-67946.13099777779
9239484,115726.752
9240457,26173.508069444444
9240897,47447.433675
9241085,80235.44414666666
9241205,11696.881164166667
9241308,-202960.54248749997
9241607,46916.543686666664
9242120,-51008.47902916668
9242699,-17260.448933333337
9243394,242842.3736561111
9246279,131171.96979833336
9247182,-5.018408888888633
9247364,-27997.953287499993
9247390,-81591.76941333333
9247584,-92149.11014
9247936,42181.87228666667
9248473,-15407.689323888892
9248497,-14980.6156125
9248899,48110.822799999994
9248930,-125154.26258055556
9249271,6607.950655833332
9250701,4614.636276666666
9250957,9856.922804722224
9250983,-74366.61054777777
9251078,-48442.79091666667
9251535,792.8740049999998
9251573,-130920.1849511111
9252204,50693.450762777786
9252307,18605.580749166664
9252967,-52636.25091555555
9253002,-102085.53594166666
9254549,17858.64739166667
9254678,36749.250135
9254927,85382.5614075
9255000,-767.4418250000002
9255024,51166.657666666666
9255751,117697.75697
9255854,-97373.10733111112
9256389,95786.39508944446
9257084,-4497.053005277778
9258129,55973.21088222222
9258179,-81215.57568333336
9258870,124797.94194166666
9259379,-168747.92748666668
9259381,-156946.0303263889
9260017,-58985.87123333334
9260304,-13662.367064166667
9260421,-71950.13038
9260823,-112134.19012
9260902,-266567.04365166667
9261009,2733.647974444444
9261449,13774.830390277777
9261815,10772.751465277777
9262962,-28277.021383333333
9263057,43092.50163166666
9263332,167001.42884805557
9263643,-40519.60283555555
9263708,130105.5162975
9264881,137603.98480888887
9264893,-30879.953166666666
9265366,15446.267509444448
9265926,-56719.17641111112
9266372,52790.73037333334
9266853,-37310.440379722226
9266865,-23938.303061944443
9266944,9372.807344444444
9267417,47708.262122500004
9267699,-154021.377285
9267833,-71436.39666000001
9268423,57847.045049999986
9268485,69562.351575
9271377,-64422.58571777778
9271391,9279.003969999998
9271559,-41366.06799
9271573,31421.39280916667
9272503,18740.160533333335
9272979,-21038.60228888889
9273961,155389.95097916666
9274525,26630.758458333334
9274630,-3652.1726422222223
9275359,-10.924723333334798
9275361,-146304.03577166668
9275426,81699.91691500001
9276236,7333.666893333334
9276298,90804.94283611112
9276573,-24006.9061075
9276779,-11565.489766666667
9277151,63609.79359111111
9278117,6804.102936666667
9278545,4236.110955833334
9278935,5828.3884375
9279575,10875.26625
9279771,-59368.06374055555
9279795,4180.202513611111
9280653,133863.4169688889
9280873,152751.83713111113
9281695,155880.39852
9281906,10201.929706944444
9281944,27454.76832777778
9282596,-79053.9894336111
9283289,5280.51637
9283552,-43440.053866666676
9283617,-38027.70497
9283643,-39656.83333333333
9283801,-14883.86210166667
9283887,-60099.703350277785
9284403,-14727.8239125
9284506,18741.7707375
9284556,-21549.611759999996
9284879,1278.3991133333334
9284910,-9097.032164999999
9284960,61890.43094250001
9285495,-57841.66387999999
9285653,171225.66066833332
9286073,62001.76853666666
9286229,-120790.98424972223
9286255,-21901.490561666662
9286592,1921.0308308333333
9286798,36562.41275777778
9286803,59674.44735111111
9286920,-31588.075087777772
9287297,148347.09752222223
9287429,-22534.789719166663
9288021,131134.88891249997
9288095,-84773.32891805554
9288162,-78153.25855555557
9288459,33145.496435277775
9288473,51619.54666194445
9288758,25838.90236666666
9288942,10600.194605277778
9289063,56357.420221666674
9289087,-182271.7643222222
9289491,-19355.68064111111
9289946,31548.257588888886
9289958,-13574.775833333333
9290270,-69266.75247166667
9290347,-55070.182380000006
9290476,-123214.54099999998
9290799,-171958.05929444442
9290880,90155.76118222224
9291286,37870.50644666667
9291432,33137.70206222222
9292228,-180159.99212444446
9293466,32447.31913722222
9293741,-13105.168391666666
9293818,-31403.853035
9293820,131742.72767249998
9294068,-72245.81599222224
9294159,43764.04102166667
9294290,-116426.93976000002
9294329,-76878.64733333333
9294525,-66595.79082444444
9294563,63636.363
9294575,15405.727174444444
9294795,-101497.52053
9294850,-79503.58320416669
9294862,142325.43039
9295000,-26851.40458
9295024,66940.27860555556
9295270,-78818.032125
9295323,-99684.2777311111
9295361,166864.45882555557
9295397,-85453.13006666666
9295414,-96107.96293333334
9295830,184378.13835555554
9296341,-102735.63798416668
9296389,-26678.39239
9297292,37639.565745555556
9297527,152506.73677777778
9298480,51170.84054999999
9298648,100219.67044555557
9298997,51373.83269222222
9299288,39845.525142499995
9299628,60186.378776666665
9299800,-55178.57641583333
9300142,84264.3149
9300207,21163.309481666667
9300544,11557.254420833335
9300623,-34437.96646888889
9300764,-6853.667498333332
9300879,39661.48747888889
9301093,-153584.005415
9301249,21352.228626666663
9301316,-22537.040887500003
9301366,4139.959632777778
9301782,1672.0719291666667
9301859,53356.771508888894
9302657,-47925.91607833333
9302994,-103919.55339999998
9303156,-113107.31047916667
9303182,37074.50568361111
9303649,13364.680819444446
9303766,-123858.72165416667
9304021,-12549.684163888889
9304124,-24681.14710222222
9304203,-50200.340082222225
9304291,-67985.32333916667
9304502,-13636.351454999998
9304693,-175064.8992819444
9304930,30438.534435833335
9305001,-80371.96334999999
9305192,-21620.4283425
9306469,130.68506833333333
9306536,18973.68124166666
9306550,15506.425790277777
9306653,23963.97669333333
9306677,-92372.54898333331
9306809,71952.04113833334
9306990,-191243.3944983333
9307011,88526.13397499999
9307140,-70622.10252444445
9308405,-25664.0644875
9308895,13359.897410555557
9308986,24694.80321388889
9309162,-12835.421257777776
9309629,-13007.1233925
9309643,-39111.490094999994
9309954,-143173.68894611107
9310020,146655.12968888888
9310044,-252274.69055555554
9310707,17252.77528
9311153,-30972.498765
9311206,15868.201371666666
9311440,45006.38310555556
9311775,-15752.720218333332
9311828,23199.18041222222
9312145,150579.5484027778
9312303,42217.110344166664
9313101,-124052.95885000001
9313125,-31706.385930000004
9313137,-16417.7425225
9313292,26216.0355
9314090,42703.51664
9314246,127741.72595555555
9314624,28453.176779999998
9314674,13730.878319166668
9314765,34072.063226666665
9314961,-25032.516183333333
9315082,-43548.87629611111
9315147,165503.19380583335
9315185,27504.833200000005
9315367,-143829.34392500002
9315381,233231.58033
9315472,-25569.093774722223
9315484,-40582.89567972222
9315616,13438.372960833336
9315642,85515.11430833334
9315848,106682.94598222221
9316335,-49734.353104999995
9316373,-172533.52162055555
9316969,-13868.152198333337
9317133,68140.87177499999
9317511,-18296.594165
9317963,-126526.48379
9317987,82663.53923888889
9318046,-43018.008487499996
9318101,-246534.7839513889
9318125,-35753.486832222225
9318175,-78579.43475388888
9318682,-129809.75310666669
9320051,-97170.02498916666
9320312,9178.690809722222
9320324,29956.073991666668
9320336,-28071.008961111114
9320427,-85465.88502833333
9320477,-22380.381567500004
9320843,61733.76468777777
9321299,-20706.92925
9321548,269358.6838083333
9321897,-37754.39549722223
9321964,-22667.777902222224
9322279,-17425.509190555553
9322358,65059.84914861111
9322877,24490.12291277778
9322889,72563.70113805556
9323015,171273.89177777775
9323041,29329.872105555554
9323675,-29057.5117
9323821,9961.957053333335
9323936,-28491.26501666666
9325116,13901.127839999997
9325233,56638.069648888886
9325300,64685.502807777775
9325960,-11524.707361111112
9326275,12949.172679999998
9326366,-48904.35361666666
9326419,25095.32354972222
9326421,-123892.19906999999
9326689,-92278.41904999998
9326706,-5139.304926388889
9327102,637.7002155555558
9327114,123319.63155555556
9327786,20285.256043611113
9329552,-12834.896280555553
9329693,-41691.65350500001
9329796,-15007.851
9330290,-28939.509836666664
9330575,-53799.15529000001
9330616,-7809.977505277778
9332614,19647.403416666668
9332729,10643.415718888888
9333058,-108410.854965
9333060,-115932.19313944444
9333187,116464.09616999999
9333228,7117.43284
9333254,67608.91179666667
9333278,82958.23280416668
9333826,-171845.32034249997
9333840,-21808.5911075
9334210,4674.283135833333
9334480,16790.304570555552
9334571,-7853.249957777777
9334674,-41095.6790475
9334870,8398.067766666665
9334894,-63259.790898888896
9334909,-14833.645018888888
9334935,-121139.70082388888
9335109,70088.68098166666
9335800,-17080.32089055556
9335848,-21192.73717027778
9335850,-56631.31469027779
9336177,12383.363386666666
9336414,-87400.84589055556
9336476,13940.39292638889
9336581,-69261.15373333334
9336749,71373.88284000002
9336969,85326.00848166666
9337092,-9246.680133333335
9337171,110768.24725
9337298,66330.88220000001
9337717,52073.315046111114
9337731,21842.46375166667
9337755,-111095.74483777776
9337949,-107620.89650222223
9338840,2374.6104205555553
9339624,-4975.410062222222
9339973,54759.273773333334
9341005,21072.63468
9341342,-15287.04817
9341354,-49906.683155
9342047,2013.3436527777776
9342097,-6499.216888333333
9342487,-75701.43112583333
9342918,-41423.99108611111
9343338,89231.11765166667
9343405,115959.81934166666
9343467,12212.692333333334
9343675,156154.08802388888
9343742,-44676.19862666666
9343833,39788.81061166666
9343883,-10225.31148
9343895,11520.821503333336
9344289,72269.40857
9344473,38128.84121333333
9345609,-24640.095448888882
9345764,21929.81233888889
9345984,140978.52978083334
9345996,-60360.552608333324
9346354,25206.523654444445
9346421,24420.830928333333
9347152,-74864.83067388891
9347188,145.45816000000005
9347516,41143.58031777778
9347542,109365.44497666668
9347607,223290.54357833337
9347918,24567.048916666667
9348106,138227.7993736111
9348285,-46223.46939333333
9348467,156268.8879583333
9348510,2599.28175
9348857,-22844.241164166666
9348912,53567.05630138889
9349590,-199504.6954188889
9349887,-1272.077266666667
9350094,-2011.0497886111111
9350393,-6151.227936111111
9350800,74708.05659083334
9351024,-115841.67461805553
9351036,27097.01541388889
9351048,26924.630576666666
9351050,-68657.48293055555
9352004,68716.0633836111
9352078,87599.08969
9352145,44813.403416666675
9352212,30074.255694999996
9352250,10565.849333333334
9352432,-123740.33954750001
9352585,-11424.53796
9352597,14731.421598055556
9352860,23604.29693333334
9352951,-21673.543352500004
9352963,-21484.030201111113
9353682,36406.86153416667
9353747,55134.57908416666
9353931,22988.306125555555
9353993,12419.91647361111
9354181,14055.1252625
9354545,-72203.40302499999
9355240,-20218.060655
9355408,81330.85210027777
9356294,268780.77022916666
9356830,-4319.382650833333
9357303,-89890.46883055555
9357717,16971.92219861111
9357781,120351.65731222223
9357975,-114094.70704111112
9358280,293.9317625
9358292,21061.591495833334
9358400,17685.50023083333
9359052,-275505.05298
9359557,14677.5685875
9359636,-105741.29036694445
9360427,13782.5115075
9360568,-129011.9309
9360764,130944.88800555555
9360879,-94321.55346083334
9360893,-11776.437140833335
9361213,-10929.590295555554
9362061,-1692.1118150000002
9362293,137597.33405694447
9362712,-36083.6979
9362994,3546.2991769444443
9363302,7727.666847500001
9363364,-159388.08378611112
9363376,50310.458998333335
9364162,7925.091595555556
9364186,9780.914148055555
9364215,-15899.532373333333
9364930,-8292.988218333334
9365788,101053.96702000003
9366108,22563.11026666667
9366926,-87219.34818666667
9366940,26945.013830000004
9367437,29124.215962500006
9367542,7263.893401111111
9367607,-47910.9100275
9367724,44578.65427416666
9367815,-42324.30446361111
9367944,49454.702017222226
9368314,-22887.203999999998
9368845,-33820.56972361111
9369904,-42860.29449000001
9369978,39349.524887499996
9369980,33687.77476666667
9371098,-57049.105454722216
9371579,-18200.877761666667
9372925,67842.83494388888
9373010,52625.54378
9374038,-85580.27342222222
9374337,54976.16803666667
9374832,-16645.42642
9375317,-51855.089017499995
9375496,-84638.93086388889
9375501,111156.4023861111
9375513,-164963.2617847222
9375769,-39751.05372027778
9376359,53204.79914444444
9376749,-30759.569101666668
9377420,-38685.548035
9377729,7636.290105555556
9377937,-12213.758796666667
9378008,-37209.70228972222
9378266,92883.36198333334
9378632,-108376.48479166666
9379375,-26354.317753055555
9379715,164818.73327638887
9379727,142093.23772944443
9379777,105495.826905
9380271,-208641.84397444443
9380661,-23790.581466666667
9381316,-112598.96145833332
9381392,-54436.82798055556
9381720,173043.37676527776
9381756,58623.27208333333
9381847,-2065.69146
9382683,15249.6703625
9383223,26949.63688166667
9383429,86057.99713
9383481,13093.083947222223
9383493,35167.35743888889
9383596,12110.1216575
9383998,-51229.96998333333
9384215,37353.942806666666
9384239,-1050.7371833333334
9384617,99854.77311
9384954,51338.77075555556
9385049,-131440.375215
9387009,146886.77194916664
9387358,40068.03520416666
9387566,-112976.32501666665
9387578,92695.13730555555
9388209,5877.9901125
9388730,-2407.9561
9388833,-88829.875165
9388912,27462.843116666667
9389019,34972.44677333334
9389021,93621.90200833335
9389033,-131584.31535083332
9389253,83911.07670333334
9389710,-47785.23449333333
9389758,63350.92148000001
9389760,-7685.213287777779
9389849,16301.119999999999
9390240,-4289.437035833333
9390252,12792.647659166667
9390525,-14402.059500833337
9390599,29308.81623333334
9391622,-40503.43045972222
9391763,131526.53160111114
9391775,60060.220506944446
9391799,154824.95277166666
9391969,-36284.80185916667
9392327,-38349.34103888889
9392339,26274.02042
9392341,-27568.007439999998
9392779,86896.06031333334
9393022,117111.43478333334
9393084,-47318.693595
9393565,61133.22693333334
9394325,25449.06835944444
9394507,-76358.07894611111
9396141,-71279.06691416667
9397157,137071.7025761111
9397212,-55468.36764
9397262,-38756.39164444445
9397286,57277.58453916667
9397511,54586.750649999994
9397781,5316.675683333334
9397846,-2.6841400000000064
9398058,30252.977245833332
9398072,-39492.51071444444
9398137,-54557.53165944445
9398151,19853.50465777778
9398395,118731.29440111111
9398424,-166565.87589055556
9398943,-59831.60369333334
9399090,26337.26570138889
9399478,-26942.821383333332
9400148,70632.54312694445
9400679,-18381.87529083333
9400796,-105570.142125
9400813,-96779.80777666665
9400825,9268.444999999998
9401104,-307631.1677411111
9401398,44717.820579166655
9401790,-25077.075210000006
9402213,28463.500579999996
9402237,-63556.680865
9402469,50658.33102
9402483,-146802.24336583333
9402768,-17364.933254444448
9402990,-195974.00197916667
9403126,14880.782405000002
9403322,82385.2309725
9403669,-68049.77842666666
9403671,36225.80078333333
9404431,-37355.465955555555
9404778,-23138.303020833333
9404871,-203921.72549555553
9404883,101235.86894333335
9404895,34514.56601249999
9404950,108538.18631583333
9405033,40646.3827825
9405332,-73961.85984555556
9406001,28146.83678666667
9406154,-31769.771327777777
9406518,-16167.042633333334
9406611,-168638.65766166666
9406635,38846.206049444445
9406685,177973.87350555553
9407316,-30946.78763444444
9407536,8281.0392875
9407653,58267.11409999999
9408554,146251.63198916666
9409144,28540.94525638889
9409247,-170208.62682
9410179,809.1039377777779
9410399,-29010.24097416667
9410959,-16051.7624
9410997,177523.68721555555
9411238,4394.539234444445
9411379,-210937.05215583334
9411692,-75055.46751222223
9412567,53970.65925333334
9412787,-202556.63250944443
9413028,46803.55086222222
9413779,-121728.17696
9414060,29558.059775
9414149,34148.43526083333
9414931,43275.655255000005
9415014,-50282.087368333334
9415478,47378.26241333333
9415650,37603.79835722222
9415662,3879.753519444444
9416068,-58592.91661666666
9416422,107668.82769416667
9416630,-20670.622723333334
9416642,-85836.56925333333
9416654,-140445.0718966667
9417127,14353.30777
9417177,17694.917166666666
9417464,25837.146453333335
9418640,59953.836806666666
9419008,-27784.987345
9419357,59315.61215416666
9419369,42343.315612499995
9419618,165204.39909999998
9419620,41886.859325833335
9419668,27972.96441333333
9419670,-22016.914741666667
9419955,82559.47240888889
9420291,-2454.4525625
9420590,-19505.74192
9420605,12708.417991666665
9420837,-6041.114090555555
9420849,52149.099012499995
9421271,21718.970103333333
9421843,12172.461586666668
9421972,28526.52918
9422158,105254.20885000001
9422495,-27472.62528611111
9422615,137160.22860833333
9423267,-11272.8985125
9423504,-7400.806607777778
9424091,59353.46072916666
9424118,2221.306791111111
9424211,-29862.565945833336
9424522,-25487.21380166667
9424649,-64732.12716999999
9425045,-29143.942440000003
9425057,-60836.75715499999
9425186,-28854.99498
9425277,113293.06672
9425461,-11056.831690277777
9426104,-32839.901150000005
9426142,-30354.44899944445
9426257,3098.323305
9426324,-26256.996225
9426374,19291.57884888889
9426594,162917.80816666668
9427330,-29501.663327777776
9427897,31637.16918777778
9428308,-115744.9439375
9428310,40312.38371666667
9429039,-17752.475501666668
9429065,40750.64146333333
9429302,139722.138535
9429869,1928.127591388889
9430442,13839.388920833335
9430674,15704.239609999999
9430686,-49825.94951500001
9430765,-39150.36315833333
9431109,6818.2569699999995
9431214,55195.18758
9431240,-17675.50287388889
9431252,49190.78315555556
9431381,-4234.1806
9431680,-97829.6973061111
9431886,-115297.24903166667
9433509,-16681.443426666665
9433793,-12961.846037500001
9433860,21304.104893333333
9434096,-55760.82406249999
9434204,-71911.91192666668
9434242,5298.567516666667
9434319,24207.576273888884
9434400,2251.0669388888887
9434436,-55008.95144999999
9434498,11260.001639444446
9434527,38456.27742111112
9434553,-48092.60163
9434565,4857.3350644444445
9434668,4802.5923625
9434694,-95757.52803333334
9435533,-59391.64473388889
9435569,17040.156830833334
9435600,39290.53474333334
9435612,-68182.09278083334
9435686,-3252.229198611111
9436082,-136137.70972777778
9436355,-97193.36008305554
9436965,50289.02798027777
9437189,-71586.34702944444
9438315,-45072.09069999999
9438327,-24153.4234375
9438523,32176.42647111111
9438535,-166674.91713944444
9439204,-23679.569545
9439589,-44538.082548888895
9439773,97431.15436333333
9439838,-24104.0466675
9440538,50230.39806000001
9440667,69719.4554675
9440784,-23647.13017361111
9440813,-129122.59702916666
9441398,-14981.632767777779
9441764,14167.401848611109
9442158,-153559.742
9442172,-10263.864604999999
9442469,-5299.612006944444
9442550,57382.63099222222
9442665,42224.800448333335
9443401,-26040.535018333332
9444027,3220.4933047222225
9444182,22319.060697222223
9444211,-31862.84845444444
9444962,-113520.91044499997
9445174,-61516.044555555556
9445215,2605.100423611111
9445227,5797.3566083333335
9445241,-33138.97989444444
9445459,-34575.898101666666
9445461,176869.7558477778
9445473,-14865.481925
9445538,27368.779408888888
9446075,36508.59731666667
9446439,42269.35284555555
9446477,-70423.39512
9446489,-42685.49502111111
9446506,71082.9348211111
9447184,-77485.933525
9447574,78499.03749166668
9448059,19266.569473333337
9448229,-8005.637495833334
9448372,45749.000867222225
9448384,-65451.97086583333
9448554,3620.6809333333326
9448750,-180181.9200747222
9449106,3719.1466950000004
9449546,-88876.42744666667
9449558,-63066.63443333333
9449819,64343.30415333333
9449857,-132795.75568305555
9450296,-60143.331109444436
9450571,-237018.91002888884
9450600,-85800.94662111111
9450947,42227.97012416667
9451769,19187.922316666667
9451927,-33207.825200555555
9451965,107055.70490888889
9453559,189679.51217416665
9453858,-11517.743994999999
9453963,-22762.820762500003
9454199,1798.52445
9454400,442670.8814697222
9454486,54125.67946388889
9454668,-34445.58633666667
9454711,-1759.54163
9454723,-30003.205130000002
9455375,18890.69382
9455686,-12648.674232500001
9455789,7945.732024166666
9456989,-115373.11284999999
9457220,977.6489166666665
9457452,7797.789953055556
9457737,93581.11922
9458614,9603.604297777778
9459424,-38034.820433333334
9459527,47450.02127333333
9459682,-18558.956622499998
9459917,38374.49393333333
9460033,42515.95699305555
9460564,-113102.93754666665
9460722,17103.993483333332
9461099,-29298.858380555554
9461142,57513.79320166668
9461403,66649.59258888889
9461439,-212355.1527222222
9461635,-49797.943731666666
9462483,-67166.37325749999
9462495,2137.01441
9463085,224251.12475166668
9463310,1274.5153394444442
9463346,-91144.36561111112
9464572,22637.361900000004
9464663,11285.136499999999
9466984,-96600.13343972222
9467299,-77406.4848211111
9467665,-2491.0388863888884
9467744,43902.17867000001
9468293,-43247.53077138889
9468310,-173528.93498611113
9468360,9095.920416666666
9469259,3639.2257366666663
9469637,81354.60581249998
9469649,30589.622673611113
9469869,-35051.22358111111
9469962,-36586.25864388888
9470545,11546.333866666668
9470662,-11125.945880000001
9470832,6230.282688055557
9471185,-19348.08481111111
9471226,196295.8832375
9471408,60530.66746333333
9471642,-6269.21015
9472206,169090.80606
9472763,-28311.290313333335
9473028,182981.39185500002
9473561,33817.11656
9473767,9693.955106666666
9473834,19651.511687500002
9474553,63064.26339555555
9474591,-9810.976985
9475686,164496.3067611111
9476525,4911.777820833333
9476642,-66.07475000000022
9476654,-74466.46852999998
9476836,-34424.65306
9477414,-6630.237896666667
9477830,-101354.25311250001
9477933,11523.084085555556
9478042,-55903.420630833345
9478107,3077.170825
9478523,-27826.789491666663
9478664,-78637.15414666667
9478676,66091.48500666667
9478717,-21899.676983333335
9478729,-5743.049109444445
9478810,-18659.03951527778
9479008,61206.733
9479046,-1075.0092541666666
9479216,76880.13787611111
9479321,97.57171249999992
9480095,-48039.41415416666
9480954,-847.2650433333331
9481051,-8755.55448777778
9481520,-41197.03034
9481702,5767.640206944445
9482079,-12540.599920000002
9482122,19924.67933111111
9482483,68.16945333333338
9482550,22109.709824999998
9482861,-20364.698760000003
9483487,-130125.67142666668
9483827,-2382.1200933333325
9484003,-52352.15969777777
9484340,98271.46164750001
9484558,34784.61567166667
9485538,26528.9972725
9485863,-26362.34845138889
9486544,-1436.7903800000001
9487043,-2887.0821099999994
9487952,-92179.84125722222
9488061,-14004.48783611111
9490648,4932.5201916666665
9490818,-6848.477363611109
9492232,-31657.530854444445
9492517,169.45026666666666
9493042,-5184.460746666668
9493066,-23928.165877777777
9493119,-22539.40926666667
9493121,16314.331266666668
9493640,-2613.3357408333336
9493951,-28041.475751666665
9494101,23524.963007777777
9494400,2597.2644605555556
9494541,-67079.99356944444
9494589,-81708.20124833334
9494606,-4803.407639999999
9494670,105224.55572166666
9494876,-25282.28534583333
9495404,25839.040487500002
9496628,-99229.54269777778
9497323,67707.65210666668
9497335,75659.05270666667
9497854,22064.261440277776
9498327,1898.1641355555555
9498365,27219.940873333333
9498389,20508.2330575
9498559,51705.44328972222
9499618,49245.52379333333
9500091,17138.38859166667
9500704,19324.116313888888
9500716,148709.47545333332
9500754,-0.6746750000000741
9500924,-118392.28269333333
9501629,-42633.06332638889
9502958,71692.68492638887
9503201,58460.906306666664
9503249,82375.01196555555
9503782,-5216.235785
9504023,-1222.42827
9504308,6659.031438888889
9505041,-82590.2537075
9507506,-6825.572783333333
9507960,-33400.315599999994
9508469,972.2329191666665
9508706,-33733.91921083334
9508938,-7471.393205833335
9509413,36205.27326666666
9509449,12676.419609999999
9509528,-1150.9028319444444
9509700,18186.848864444444
9509786,-18845.471220000003
9509841,19486.551405555558
9509968,8504.032971111112
9510474,15954.24938333333
9510486,-12079.53187777778
9510541,-48739.610246666656
9510682,-17450.924479999998
9511014,21940.18956666667
9511105,-89729.57425499998
9511143,-45270.5785725
9511234,-26671.939140000002
9511246,19393.418897777778
9511416,-8623.769022777778
9512111,-16654.19916416667
9512123,-30683.878060000003
9512202,33169.608084444444
9512343,-7843.641372777778
9512630,27260.39227222222
9512941,-17968.269600000003
9513115,205317.1246016667
9513402,3686.717675
9513751,-46891.33055
9513919,-46519.236724999995
9514303,-107346.45726638888
9514339,-13441.484515277778
9514559,-8613.951790000001
9514561,-155174.11626333333
9515096,48242.807653055555
9515266,-97900.8439288889
9515424,32474.360858333333
9515929,7254.102194444444
9515931,-95582.87834666666
9516492,13829.701537777779
9516739,-433.19496083333337
9516935,128217.694925
9516959,126023.95650000001
9517032,-47567.49712
9518189,-25687.60550222222
9518347,52461.597367500006
9519341,58607.673726666675
9521887,-3047.9099583333336
9522099,37205.47075722222
9522180,-86301.27348555558
9522697,34340.26845444445
9522788,33356.67560166667
9523005,-133368.02642333336
9523043,-63939.67660499999
9523249,49456.112036666666
9523495,-18059.490715555556
9523574,16648.61875
9524449,4347.020846666666
9524695,-20141.554496666668
9524970,68968.8847375
9525376,-105705.43758333335
9525467,167474.37755694444
9525766,7008.2819625
9526461,69578.06500555556
9526887,254959.60411388887
9526930,118571.98007777777
9528158,-27954.91477416667
9528184,-11435.871939999999
9528366,-49722.4628225
9528536,-13496.669455555557
9529944,-45983.205829166676
9530307,17864.70161944444
9531595,-26722.341356111105
9531882,-47644.267611111114
9532525,55412.00166666667
9532575,-28500.799888888887
9532628,-29270.720555555552
9532757,-49432.64763666667
9532771,103804.60136
9532795,-109428.52489750001
9534030,87447.70177666665
9534779,116508.471645
9534781,7899.100958333334
9534808,78701.46280499999
9534810,-51373.0102625
9534858,-118433.36695333335
9534975,-53790.57741666667
9534999,39561.62972499999
9535010,14335.012379166668
9535058,-5176.077573333333
9535785,199624.02357027776
9535797,143510.537245
9536337,32540.513880000002
9536844,71642.39433027778
9537006,-30513.816816111113
9537745,71432.77855388889
9537757,-29848.5870375
9537769,87287.605405
9537848,-30395.984234166663
9537903,-21513.304825
9538983,-18702.140163055556
9539016,38204.573090833335
9539523,-63754.219582499994
9539913,-4136.035103333333
9540118,182168.654235
9540120,-365403.61550527776
9540481,-35426.44367361111
9540871,-33769.385533333334
9541071,30630.92083888889
9541318,-9962.916439999999
9541825,-4869.504485000001
9542166,13892.476335
9542855,13078.134006111111
9542879,36487.24138222223
9542984,11538.986056666668
9543263,-25513.2016125
9543615,7390.958412499999
9543794,-899.2530800000003
9543914,-64907.872695
9543926,-11141.860275
9544918,-7285.8676091666675
9545211,-13471.165574999997
9545297,-16192.949638888891
9548093,54998.01104722224
9548586,69164.88440000001
9550163,32620.926396666666
9551686,12221.174067777778
9552824,48593.96883500001
9552977,-38156.59828277778
9553232,8887.7636875
9553488,21506.3639
9553634,-7061.9583016666675
9554078,59606.965024722216
9554080,-76678.8502411111
9554286,36059.64331666667
9555230,8797.814765277777
9555242,91153.7270525
9555357,32529.8366
9556430,861.4569111111111
9556791,-6748.6757575
9557226,7793.2631900000015
9558165,-29342.065533333334
9558189,18305.169654166664
9558218,-26768.48026388889
9558361,-36114.37993055556
9559482,-13162.399031666666
9560388,-84063.94405444445
9560390,38843.11333333333
9561277,-25769.49449722222
9561629,-4161.12366
9562673,112213.18779166667
9562685,24544.784829166667
9562697,-7790.623133611112
9563237,69869.34255333334
9564279,-47954.48030888889
9564396,-3052.674941666667
9564853,-14318.798403055553
9565338,176672.85899277776
9565625,-2546.991859999999
9565716,15213.961015555553
9565869,7649.4432750000005
9566150,26013.600072499998
9566382,-137804.8237816667
9566423,-25473.007204166668
9566514,-41184.021666666675
9566643,1206.3464583333332
9566851,11821.811381666668
9566992,-22401.261485
9567051,79157.45922250001
9567233,4044.4294055555556
9567403,8709.727067777778
9567740,2349.759455
9567776,-30476.467755000005
9567972,65005.198623611104
9568017,-53502.009275
9568512,108042.89310388887
9569499,86614.2358375
9570852,43031.216766666665
9571210,34365.4389375
9572185,-5650.374833333332
9572575,-39092.47250805555
9572886,29358.712219999998
9573995,-23070.172309999998
9574078,42946.1927611111
9575101,132664.39038555557
9575187,-22506.636670000004
9575515,662.1060600000001
9576741,18335.2950625
9577434,49394.325123888884
9578610,-80826.83083777776
9579066,-39548.276776666666
9579339,-23172.53364
9580015,57374.715735833335
9580209,-8296.174610833334
9580508,0.6341708333331331
9581370,25097.561932222223
9581423,94787.9749361111
9583720,-13138.693213333334
9584059,44137.15375833333
9584243,-11974.353364444445
9585194,-72742.70510444444
9585900,89119.77450277777
9586966,-19101.659366666667
9587386,9702.50826777778
9587790,-19059.93277388889
9588304,25013.026405555556
9588603,-24317.712661666665
9589384,66902.42748611112
9589580,-57953.18911999999
9590060,-58105.431300277785
9590101,14900.089312500002
9590113,-1629.2754666666663
9590589,67117.976995
9590852,30730.434347222224
9591052,1347.5190366666668
9591284,-15378.785577777779
9591662,8396.261320833333
9592032,37762.45550638889
9592056,4174.7312999999995
9592082,-23374.906422777778
9592214,139583.75565694444
9592226,-23964.973995
9592434,-71795.20862583333
9592446,28267.49570111111
9592692,78941.3123888889
9592800,-38834.92039416667
9593440,-13046.58516388889
9593452,-10336.534153333334
9593799,32934.14515333333
9593957,27766.154392777775
9594597,64019.25775972222
9594602,-9233.651447222222
9594664,-54100.563405
9595228,-21826.95197888889
9595618,133358.25334999998
9595620,29658.914040000003
9595670,-52246.31989111111
9595761,2448.303325
9595981,25905.06951111111
9596260,-18348.474386666672
9596466,-25362.586666666662
9597006,128500.35332444444
9597678,-12906.493074999998
9597771,7829.926087500001
9597800,24958.819898611113
9597977,-187.60918833333315
9597989,-21817.29063666667
9598220,-52151.51705166666
9598775,-18718.6527
9599004,47516.37996888889
9599145,-11642.191248611112
9599171,-33173.63205361111
9599743,-36201.3900325
9599779,37023.84951027778
9600059,16133.258395833334
9601194,39554.6344475
9601235,-58626.672475555555
9601314,99577.16994833334
9601936,-4622.583466666666
9602289,91207.47895333334
9602320,-11795.410122222223
9602473,100989.12604333332
9602617,14349.081341666666
9602629,-79084.5529975
9602655,40204.75585833334
9602667,-45979.432689999994
9602710,-74339.93530444444
9602916,-15810.703925000002
9603001,30462.403066666673
9603207,-71186.87192305556
9603283,-10485.10958
9603611,-25696.763777777775
9603659,-49001.930632222226
9603946,15936.436980555556
9604029,50403.11877444445
9604158,227507.59520666668
9604299,14548.978015
9604392,48346.24865166666
9604811,-49680.09431194445
9604976,3238.9647472222223
9605839,14759.497434444444
9605994,-11866.376533333334
9606314,259685.771685
9606326,-246667.2352
9606546,2084.7917466666668
9606780,-17428.31107
9606986,-5667.733066666667
9607045,-63533.88971222223
9607203,-2569.228620000001
9607423,-40469.67510305556
9607863,14516.484241944443
9608051,-66586.42251111112
9608922,-17450.720122777777
9609122,3126.099825
9609158,5212.582263888889
9609641,-121620.86095833333
9609952,-64634.388020000006
9611620,20950.645883333334
9612064,-10200.355984722222
9613068,3212.6483252777775
9613147,-39627.77815222222
9613226,15857.007075
9613329,61834.337075
9613848,62528.722431111106
9614048,25654.386107777776
9615042,27736.65843666667
9615054,-52450.957328888886
9615119,8446.067539444444
9615133,32929.405020000006
9615676,12292.713036666668
9616802,28036.15291944445
9617428,-31452.848439999998
9617662,18582.612695
9617961,31921.85971527778
9617997,24742.387649999997
9618630,-19181.600258333332
9618783,-65501.59421722222
9619660,-35523.299925555555
9619933,257404.76354833337
9619945,89078.06661499999
9620279,-17811.98661666667
9620566,47316.348393333334
9620619,4387.614386666668
9621273,-55388.425333333325
9622174,-8363.4156375
9622540,-51696.47552611112
9623609,-42868.17130500001
9623831,-2464.376474166667
9624237,-39211.42550499999
9624263,-15764.56849583333
9624665,-12366.66343472222
9624914,-14372.341104999998
9625267,-49731.012506666666
9625413,-99418.75018611112
9625841,-13960.920660000002
9625968,97042.42127666666
9626261,-14820.39357
9626405,-1813.3243400000001
9626431,-16909.179829999997
9626675,35963.56680000001
9626986,13346.745193333336
9627095,-9553.759351111112
9628219,41916.17586888889
9628635,20700.94427916667
9628697,11502.007580555557
9628805,-70481.41844138887
9629366,39662.63252
9629586,41836.71064
9629914,-22211.019
9629952,96035.28443333333
9630248,-758.256926388889
9630793,-32673.524146666663
9631333,-33987.01000138889
9631694,19938.890393333335
9632090,245219.53771666664
9632131,161838.87116722224
9632210,-27387.89981333333
9632284,-38754.27072222222
9632820,-272455.0792591666
9632947,39193.84120416667
9633020,36544.85463361111
9633161,108867.89973333334
9633226,7658.9855638888885
9634098,101994.81747000001
9634696,-123874.50897250001
9635377,128528.98222499999
9635688,-9803.445025833333
9635810,-26295.185103333333
9637155,149392.93353666665
9637428,2058.91828
9637507,-48764.00415694444
9638410,15476.910120000002
9638903,19324.52691
9639529,46725.85284166666
9639555,-65079.81886111111
9640619,69447.58970499999
9641900,45336.210938888886
9642514,23229.000639722224
9642784,-10292.447433333335
9643283,164720.297
9643556,28755.00538555555
9643609,49597.20560833334
9643960,72567.98038444445
9645798,-21287.03183333333
9646900,-15055.60699861111
9646924,24136.176573055553
9646936,-14906.914717500002
9648790,15135.675216666668
9649299,5223.225522222223
9649524,-3187.218381111111
9649861,29065.351207777774
9651034,-27642.220166111107
9653408,-140761.62765833334
9653422,-70873.92405
9654397,39573.12867694445
9654799,75407.92310833333
9655377,40643.45268583333
9656137,-264788.6214983333
9656412,-4424.3497333333335
9657026,8963.699939999999
9657040,25566.49219333333
9659490,27536.127033333334
9659672,-35903.21248944444
9659775,31083.068033333337
9659866,13574.798337499999
9661223,28277.901030555553
9661273,51619.072579444444
9662423,-13615.300206666665
9662875,-88879.8867975
9662887,-86096.152575
9663336,-3110.7353261111107
9666508,-10483.531484444446
9666558,45428.05875
9667174,-216704.32628444445
9669263,51183.83888305555
9670004,-3108.494383888889
9670016,-23796.28420416667
9670224,-11253.18722888889
9671424,125198.34691749999
9671462,-17427.999979444445
9675640,58293.00697638889
9675688,45623.435079166666
9675705,-25047.106324444438
9675729,-17531.969465555554
9675767,16346.233612222222
9675810,-92221.34516166666
9676113,-47234.53888611112
9676735,-32186.00478583333
9676876,-26374.575015555558
9680097,-39532.74237611111
9680190,51358.968270833335
9680279,-32257.641994444446
9680293,4915.113272222222
9680724,-42122.59652138888
9681118,85151.70032666667
9681285,68609.17719444443
9681326,37738.915265
9681390,47881.54096
9681704,22225.106858333333
9682253,28469.972403333333
9682942,77678.48123333334
9682966,5230.26447
9683013,-99174.81263583334
9683025,-39957.547362499994
9683104,-39406.64716111111
9683350,106569.4547
9683661,-70544.52400666666
9683843,24140.592338888888
9684225,45008.29494333333
9684641,307059.86973333335
9685059,39607.72740833333
9685097,20619.015466666668
9686352,23541.93779
9686546,16058.397331666665
9686649,-18671.14654166667
9687447,-57819.03983555556
9687588,46504.56650666666
9687746,12509.295033333334
9688831,-3495.6232499999996
9689043,44911.37665972223
9689677,66073.6103938889
9689902,-23525.56807555556
9691412,10360.564458333332
9692155,-21967.197473333334
9693410,-4320.292180555556
9693745,-38305.61192277778
9695145,-47884.102798333326
9696072,-32671.96137361111
9696084,40174.33633888888
9696864,28944.43311111111
9697222,25793.254063333334
9697416,-87630.06659666667
9698197,34481.595782222226
9698628,243557.62065
9699335,-11285.764745833336
9700005,-16457.612257777775
9700445,6136.221116666667
9701176,91215.57273472224
9701322,-63248.51041999999
9701358,-32675.300649999997
9702223,16265.53588
9702273,-8728.83098111111
9702455,-2.751031111110875
9702493,-9256.0840025
9703318,-209692.08772777778
9703538,-19242.027328333337
9703576,-51883.605460833336
9703942,6803.197770000001
9703954,15007.011071111112
9704037,22242.973604444443
9705081,-225666.2024577778
9705160,14901.807194166664
9706073,122654.20197666665
9706384,25939.368240000003
9706401,156890.47661
9706413,-7804.76235
9706786,5225.745536666667
9707508,32512.885638888885
9707807,-65063.284550000004
9708071,37260.03692666666
9708083,26808.465009999996
9708435,-247887.07898333334
9708447,-230771.7018111111
9708497,127725.08264666668
9708502,-165725.500125
9708849,105792.74907388889
9708851,180012.11728500001
9708875,-229644.41622388887
9709087,-55776.10121222221
9709271,12403.129516666668
9710074,28470.27208
9710177,-32428.465614999997
9710921,-10681.563669999998
9711080,-20798.649
9711860,-7422.795636111111
9712307,4292.8452725
9712668,-3398.0731661111113
9712864,-9479.293083333334
9713014,-33620.33264583333
9713064,20836.55170694444
9713337,34763.06476666666
9713430,51879.99416888889
9713715,12360.343514166667
9713806,38874.913466666665
9715933,-132725.9813722222
9717113,-35403.902416666664
9718105,-79314.89171111111
9718351,-40504.77390000001
9718882,-16032.575516666666
9718935,100479.94360416666
9719355,-6388.4323936111105
9719903,19426.32957638889
9719915,-14832.147300000002
9720043,-7065.182581111112
9720225,-31499.81536
9721011,29215.265910555554
9721023,13107.25569388889
9721308,-51638.39048083334
9721499,-6466.966737777779
9721683,-16164.236050000001
9721865,61604.26049722223
9721877,-40851.43015111111
9722118,-37541.43368055556
9722429,-14577.51531527778
9722699,-146137.3248625
9722924,-7717.131712777777
9722936,113178.94653
9722950,-24111.170685555557
9723045,64495.2416375
9723095,-133971.93631694446
9723162,19224.371206666667
9723265,-153286.29162222223
9723514,-74482.88309583331
9723526,68007.98963888887
9723655,0.5429722222222099
9724453,7295.195940833333
9724661,35124.352607500005
9725299,69403.30098666667
9725471,-37241.023642500004
9725706,285259.56243222224
9726023,17376.86225611111
9726061,59012.55881388889
9726085,-102057.50539500001
9727003,7713.978084444445
9727039,-17843.657638333334
9727209,-87857.4132422222
9727211,79608.12819944444
9727314,177.06881111111102
9727405,-65581.44312305555
9727546,41677.25185833334
9727637,-6358.772919166666
9728356,44026.74648
9728667,-28249.1303925
9728693,-32486.95159722222
9728710,-25983.061915
9729099,-107690.23518166668
9729180,35558.98164222222
9729350,-25738.41125
9729908,-9657.9688125
9730086,206743.80524444446
9730098,-55561.39614694444
9730402,-13722.0609375
9730854,-187644.7511975
9730983,67340.01376
9731913,-168071.93941000002
9731951,-61365.45262388889
9732199,68253.93407666667
9732266,98635.90779166667
9732503,59025.167087500005
9732577,22857.8120125
9732591,-173328.59304444442
9732826,92372.45779416665
9733325,8045.33
9733337,31478.448983333335
9733765,28938.07426666667
9733806,100299.19297611111
9733947,-23127.476287222227
9734513,-10689.331633333333
9734525,61413.88238055556
9735036,-99615.94333722223
9735153,-57960.89037444445
9735361,-40249.434579444445
9735373,204083.83187055556
9735581,-105589.56573611111
9736066,-48165.37614527778
9736729,-10212.108863888887
9737395,82321.84450000002
9738040,-19663.313226666665
9738208,-15009.576508333334
9738337,2467.927059722222
9738662,-47701.20158333333
9738753,19803.544625555558
9738856,6240.4064124999995
9739537,-3801.111973333332
9739953,-102522.0437861111
9740110,-37509.20869
9740811,-13160.71939
9741566,-58447.41367888888
9742247,3456.454495
9743318,-33601.13197944444
9743734,23781.294399444443
9744817,44386.074973333336
9745598,15652.154017222221
9746073,-58656.12386611111
9746205,-85638.67467666666
9746243,17265.17452
9746499,-27657.654992222222
9747118,11258.99482
9747261,130999.88490750002
9747326,5721.16317
9747522,-20811.666269999998
9747895,-45650.57200694444
9747950,26781.561462499998
9748813,5218.3924916666665
9748916,18217.228579722218
9749104,48282.791354166664
9749532,-44418.867537499995
9749611,32747.72666
9749702,27360.203861111117
9750921,-58173.37678777777
9750983,20431.820218055553
9751028,-41937.72695888889
9752711,99506.06166027777
9752993,110871.20301833331
9753569,27565.0648
9753583,-71099.87678694443
9754824,59086.52297666667
9754953,32154.628425277773
9755191,29727.363224722223
9755945,562027.7519163889
9755957,-310651.50364194444
9756731,-60024.426903333326
9756743,53116.90037638889
9757230,-35038.36445277778
9758131,5504.513399166667
9758727,10440.47522361111
9758765,-13017.58892
9759604,150553.610675
9759824,55684.359574166665
9759977,59529.72766888889
9760471,2082.5878777777775
9761023,-29932.355585555553
9762338,-55895.91518138888
9762340,131463.62936666666
9762998,78565.89408083333
9764972,-4387.497722222222
9765366,153753.3420138889
9765562,-112691.59241111114
9766229,32483.733936666664
9766530,22970.559385555553
9766889,155388.6254138889
9767560,-33746.061805
9767845,29568.88295972222
9769647,-56950.78122083334
9769855,-25767.33458611111
9770505,-39487.27894166667
9770696,55337.23132
9770933,6496.912476388889
9771652,36725.77251416666
9771743,-7784.465696666666
9773313,-9317.856
9775139,-17648.571356666667
9776212,-381917.9171822222
9776547,-55441.31501666666
9776743,37367.50017
9777204,12192.28115
9777371,-43597.30509166667
9777395,60680.36741666666
9777802,-5614.300408888888
9778117,-108110.9323833333
9778296,-104990.88034722224
9778478,-76311.57361944446
9779604,-88679.25495305554
9779616,-14897.17371388889
9779824,47832.69900555556
9780158,-33755.282733333326
9780445,5888.5085
9780471,-73541.21174833333
9780627,20918.32739
9780897,-360351.0091319444
9780988,-14812.495677500003
9781279,66341.26186111111
9782027,-13226.887317777779
9782091,-44946.22722555556
9782118,51951.986274999996
9782170,-9023.465794444446
9782182,24670.857909444443
9782209,-18422.545843333333
9782326,-66964.99244666667
9782352,2503.380975
9782508,127055.71153999999
9782625,38932.880655
9783368,42201.87237611111
9783382,41950.43771611112
9783411,-8167.503673333334
9783681,-587.1286269444442
9783708,24289.626350000002
9783710,-92471.73307472223
9783722,72446.68198833334
9783734,41188.72762888889
9783904,-9552.849686666666
9784142,-229608.6655613889
9784269,-267339.03586777777
9784312,-295759.3232138889
9784611,107455.50337500001
9785392,23586.200909999996
9786164,-154353.43520666665
9786712,-37999.680819166664
9786748,-24877.776470555556
9786841,149799.83416944448
9787015,-33283.67609
9787455,-25094.030685
9787754,-14833.72415
9787780,-12919.693490000001
9788473,-72728.64891999999
9788899,7746.773891666668
9789635,-166974.23460666667
9789867,-15434.676903333333
9790074,93077.81481916666
9790086,20516.85336333333
9790622,26680.34887111111
9791171,25533.7058525
9792424,-59215.584088888885
9793478,-69252.58380333334
9793741,132185.7867877778
9793961,-13796.977434999997
9794290,22588.799895
9794812,-9309.95484861111
9794824,203085.1895625
9796195,-55625.379343333334
9796298,44500.939532222226
9796547,-9269.04564
9796597,-14733.7725
9796810,56657.27516861111
9796822,52755.32652722222
9797008,45406.437607500004
9797917,9863.821257500002
9798002,-118855.76905500001
9798014,99676.38057833335
9799147,-24384.40827
9799159,115095.80460333335
9799161,89578.00825833336
9799202,103749.16524166666
9800271,-78220.89795
9802188,32426.078723333332
9802516,28886.30315444445
9802530,-105105.14780999998
9803388,58999.28165000001
9804887,-71433.15168444444
9805087,118656.50134499998
9805099,-28280.610685833333
9805130,35310.37974833334
9805647,24688.81516888889
9805661,5317.793492222222
9805685,-7318.303776666667
9805697,7526.2883200000015
9805714,-21311.745537777777
9805788,-23743.28516
9805790,18424.80000666667
9806110,6079.703551111112
9806354,18853.390785833333
9806665,4953.0875283333335
9806689,-80499.48398222223
9806914,-73679.21460277778
9809057,-33515.933375
9809069,-29750.231317499998
9809071,23266.226415000005
9809083,24804.230747499998
9809576,12262.346671666666
9810056,69833.76040388888
9810240,-154972.0080002778
9810666,-55866.31437777777
9810991,520120.3219777777
9811505,23348.28088888889
9812406,-69149.48676333332
9812418,-39981.2811525
9812664,-79105.91691222222
9812913,38066.83610833334
9813060,16416.002380555554
9813137,-59345.88318888889
9813230,25111.66368
9813876,14187.281724999999
9814129,53854.37977500001
9814193,-53227.289410833335
9814404,13931.042132222225
9814909,-59084.28539833333
9815252,93695.63577916665
9815628,22387.762854166667
9815630,-25563.62570833333
9816024,-7776.306898333333
9816323,65336.9043625
9817884,149167.89817222222
9819997,-88951.90015750001
9820714,59743.17566666667
9820855,-70150.02309
9820922,277132.488
9822255,27795.08342666666
9822267,63714.76075055555
9823560,-288.5938866666667
9823572,-139155.35024666667
9823742,-49805.27793694445
9823754,-9638.314404166667
9824057,-14722.022883333337
9824875,3175.633361111111
9825049,-46336.701819999995
9826110,-118382.2597375
9826574,-70369.36174305555
9826885,-31247.62445
9827358,-7406.333476666669
9827360,-23551.37158833333
9827700,15488.372459999999
9827956,-102159.98723333335
9827968,13764.979566666669
9828235,-23233.08512
9828900,-453.3902591666666
9829370,-92522.84631833334
9829382,29983.172362222223
9829643,-101022.77974583334
9830109,46231.18413527777
9830989,46969.2587986111
9831218,7567.345529166668
9831816,118313.08916333334
9832274,-47562.567480555546
9832999,-5237.503897500001
9833228,89465.0479888889
9833371,-9149.297313333334
9833735,-893.1193483333337
9834131,-3560.815544444444
9834454,54585.02973999998
9835886,19426.81684166667
9835903,16616.545664444446
9836725,701.262625
9836799,-57961.73525333333
9837638,49697.13051444445
9838486,-24934.952783333334
9839014,9925.67493
9839284,207376.55506944444
9839466,4125.806965000001
9839856,106772.3909525
9840697,-129672.50582611111
9840702,13393.053979722223
9840738,-75920.78523666666
9841342,66324.13168333333
9841366,-41520.887191666654
9842047,-5225.504006666667
9842097,25839.4550375
9842358,-25043.15747166667
9843302,160139.93381666666
9843326,-148882.74014999997
9843364,-20713.497505555555
9843443,45027.94108333334
9843637,-7112.766923333333
9843675,-50308.66594
9843780,95972.75704999999
9844100,37287.11066666667
9844277,-124260.85931666667
9845013,92001.04383555554
9845104,-16017.737186111111
9845128,-23300.081475000006
9845233,51360.18227888889
9845283,-5313.566419444444
9845697,-81489.49075000001
9845702,-57234.543612500005
9845752,-47986.783965
9845958,-12083.872499999998
9846108,-16762.098212222223
9846366,-21503.45642833333
9847554,18378.389975000002
9847621,-15632.13145
9847970,64796.49598111112
9847982,47748.44970388889
9848132,-5677.223834444445
9848211,47949.077880000004
9848998,-10122.000670833333
9849318,-26531.30399083333
9849320,49307.026620833334
9849760,33908.64183944445
9849863,52824.247182222214
9849992,-33341.97793055555
9851593,-37901.267368333334
9851608,106526.74899416667
9852028,16812.746458055553
9852092,-38041.694524166676
9852121,83086.8920622222
9852274,-105152.04517000001
9852743,-19512.999399999997
9852810,-13984.372833333333
9853266,-91494.30675
9853486,103222.69685916668
9853527,-19764.83890666667
9853539,-110585.06771666666
9853591,-50224.143117222215
9853644,16013.903865555554
9853852,-7432.31505
9854313,-33653.57381111111
9854480,-69719.21929
9854521,60141.710924444444
9854545,9885.123622222223
9854557,-52161.0364025
9854703,-140783.98768444444
9855707,-47527.259957500006
9856086,90459.01592500001
9856945,-54555.16377611111
9857171,-144771.79364694442
9857195,78615.4572591667
9858046,84877.18351972224
9858058,-69348.18035055556
9858462,87184.9377961111
9858723,71902.68833027779
9858735,54676.449900277774
9858747,-63391.133217500006
9858797,4355.835175
9859014,23156.97790388889
9859181,-57589.26013333334
9859387,-15578.21313222222
9859765,-22355.590204444445
9859777,-3776.7199372222217
9860673,-55011.71732916666
9861471,37589.087759999995
9862475,-53328.238990555554
9862487,-127531.71169166666
9862839,35851.016537777774
9862891,121598.3516388889
9863223,-44452.45444444445
9863869,7307.417981666667
9864241,-140678.3510588889
9864332,22917.79527333333
9864514,73466.75947777778
9865104,30005.8771125
9865984,88207.91505166666
9866172,33070.09471222222
9866562,-28215.654366666666
9866574,-7262.502258333336
9866598,-79773.78894611112
9867140,-6655.955080555556
9867281,-37362.41952083333
9867580,-92.26104611111067
9868118,-34729.487501388896
9869227,-192800.44813833336
9869318,71336.62564
9869526,-23155.622683333335
9869978,-39907.629857777785
9869992,-189672.1558527778
9870159,821.7882533333333
9871165,138388.45208
9871385,-70345.82043583333
9871464,30554.670813333338
9871488,-139437.51742777778
9871490,29731.20766888889
9871517,-71006.45567777778
9871787,35754.770483333334
9872066,-70843.84120416667
9872080,-58005.74535416666
9872121,-61535.23265277778
9872236,-93364.12759833335
9872389,6242.752679999999
9872406,2301.8828733333335
9873888,11359.753362222222
9873979,42723.87742777778
9874210,-100596.41758055557
9874222,101771.06886
9874612,-21473.443291666663
9874820,57336.77711583333
9875056,-6949.899635
9875068,-101796.66405333333
9875123,-4082.6346000000003
9875159,10439.6296625
9875226,-10205.026144444446
9875367,9802.853235555556
9875783,15217.960695
9876440,169712.9890625
9876490,120610.40588
9877781,40558.379154999995
9877793,62876.304613333334
9877884,47373.37476666667
9877937,44536.131529722225
9878058,-26815.618885
9878072,-18472.57675666667
9878644,-8801.7773725
9878711,-1731.1054444444446
9879363,-93632.85407666666
9880491,-36558.13662499999
9881861,29066.954680000003
9881873,-25401.53482
9882217,-107267.29575166668
9882229,40046.75237638889
9882449,-15823.853951666664
9884033,62300.121625
9884629,-27145.927574722224
9885087,-6929.933422499999
9885166,-16501.87554861111
9885855,-8083.084626666667
9886495,24700.52208833333
9886653,-41378.93191666666
9886990,-3563.632416666667
9887712,-64088.73179749999
9887748,20746.327614722217
9887750,3141.7806677777776
9889148,-23242.782990000003
9889552,-16144.626988055556
9890616,-1.3603758333333276
9890977,37928.90620694444
9891127,-13980.237635
9891995,-67844.08716750001
9892133,152769.7471738889
9892468,-36414.28717833334
9892717,-123751.67983499997
9892949,52701.504414999996
9893216,-6853.21069
9893852,-23476.612944166667
9893876,-33123.376108888886
9893890,-273267.09638
9893905,128197.52133500001
9893979,-76689.9093375
9893993,150134.49972500003
9894612,-23764.260977777776
9894648,-98513.37574027777
9894674,-12129.248083333332
9894741,-16777.287111111116
9894973,103198.40392333335
9895006,28933.37910666667
9895654,13750.568473888887
9896244,-664.823173333333
9896414,149270.34034888892
9896933,-30611.23375388889
9896983,282119.38538527774
9896995,189412.08864888886
9897028,-150235.6048163889
9898761,57325.39217944444
9899583,-75767.67658249999
9900083,-2609.72544
9900253,-70625.62018666667
9900265,17721.86325
9900291,-38357.389735
9900667,126771.00191777779
9901099,26679.959091666668
9902392,17089.699327777776
9902524,-49808.03988
9902689,52450.05609555555
9902782,31443.753201111114
9903982,11925.241914444445
9905447,44148.73543333333
9905617,-40060.38988
9905679,-22524.990562222225
9906049,-88936.00101694444
9906776,49917.45091666666
9907847,32153.71592611111
9908097,156696.0541638889
9908621,-53675.25029166666
9909223,39676.28548
9909613,-37846.35152777778
9910117,209880.58538249996
9910765,25370.541330277778
9911240,34096.69124083334
9912000,68598.24370222223
9913559,-30715.73283722222
9913858,39918.73895555556
9913951,-21772.795188333333
9914242,-27016.50242666667
9916197,53110.30355388889
9917804,14848.29654472222
9918145,133864.82604305554
9919216,-35223.61570444445
9919450,-120831.66702666666
9919486,-150897.82355833333
9919723,-102202.64507
9921087,-55845.846655
9921623,25944.16184
9922249,-58717.406918611116
9922691,14155.60121388889
9923097,12947.95963
9923401,-48622.50570833334
9923487,-92630.83390555554
9923657,35970.166237499994
9924091,-180063.2880675
9925291,-20541.952530000002
9925368,-9481.2875675
9925992,14660.472605555557
9926661,-61693.232225
9926697,-153635.95715444445
9926738,132401.19592499998
9927304,-9061.595210000001
9927964,70374.99493166666
9929041,58768.68262222223
9929302,5029.373475
9929651,-54024.836666666655
9929663,-46403.81424944444
9930052,125478.35073416667
9930519,29080.466640000002
9930791,63984.45366444445
9931185,45190.20557333334
9931343,1024.5774475
9931850,-36803.25287916667
9932426,-3978.6619844444444
9932828,-27481.261476666667
9932842,45453.24730333334
9933664,136312.49076666665
9934400,-49090.593239999995
9934412,-89300.42895111111
9935686,1874.0949955555554
9935882,-52676.428188333324
9936159,-39676.57914027779
9936264,7995.216262499999
9936513,361920.36055861117
9936630,-288763.1858652778
9937969,15579.259838333332
9938303,263208.1874319444
9938315,-195387.29612083334
9938614,-57220.56195055556
9938834,61060.68424166667
9938999,-109095.93243055556
9939345,-20834.926520555553
9939357,-25378.815707777776
9939591,4208.29317
9939979,-47748.40688138889
9940344,-13638.25817027778
9940681,-8809.415260000002
9940693,-772.4226430555556
9941051,2982.95739
9941726,67237.25370999999
9942201,16016.577730277777
9942299,11783.814005
9942847,-87877.01229666668
9943748,35614.08084888889
9943841,-18968.957577777775
9944326,51754.275400000006
9945356,95958.41782
9945631,-55541.466113888884
9945643,-41123.62182083333
9945849,237302.68346527775
9945863,-19873.531761666665
9946063,-38520.47064
9946726,-84481.94525333332
9946752,7335.343225
9946764,-18306.177143333334
9947897,-8923.903094722222
9949211,19716.409795
9949259,27490.300890000002
9949261,-2589.9724699999997
9950284,31716.066671111108
9950624,6533.3062666666665
9950935,49449.328657777776
9950959,87303.29929333333
9951551,158902.97294666668
9951771,30005.34664916667
9952086,23365.43704
9952141,57045.02153416666
9952660,-19880.364221666667
9952737,42761.48580611111
9953119,34498.5516
9953511,-52177.24497833333
9953781,18352.69634
9954474,-112617.37979555553
9955002,60767.679379999994
9955820,51556.15595166666
9955868,-5598.7281133333345
9956733,-55997.15682000001
9956898,-16608.19867777777
9957024,32900.157187777775
9958092,-110985.05798
9958224,24073.351325
9958597,26336.273175
9958602,-48197.383125
9958640,-11490.421949444444
9959541,-13436.304227499999
9959759,-26799.821642222225
9960150,-4998.773359999999
9960239,-46834.20875333333
9960497,-61146.718642499996
9961893,-26735.871470833335
9962380,42062.5968
9962536,-210370.46388055553
9964194,-155648.39874583334
9964209,-69107.35019000001
9964211,175143.60895999998
9964601,-34524.28639
9964857,-39620.51198333334
9965928,-68279.05107333332
9966958,-123726.2585538889
9966960,100605.97755333334
9966972,94333.63764444443
9967275,-26881.000493888892
9967421,-205779.45882472227
9967445,-68904.4664086111
9967457,273354.5595527778
9967471,205485.10837861113
9967524,-256017.00729916664
9967627,-13157.52611583333
9967639,17507.74753333333
9968358,54684.60362
9968906,35648.71329777778
9970428,12475.995020833334
9970442,-105276.72608333334
9970454,43010.31409444444
9971458,27350.690819999996
9971903,41486.066479999994
9972036,39984.051515555555
9972983,-12318.851105
9973274,2071.6440758333333
9973872,70909.54779944444
9974175,-72279.79775333333
9976056,4993.6224875
9976472,-5766.692206666666
9976628,-36165.50469666666
9977153,32801.79282333333
9977397,-21375.637836666665
9979199,-11116.412426666666
9980655,-49732.882164166665
9981104,-70719.90206833332
9981465,125456.65565277776
9981776,-13369.570035
9982055,34057.55892666667
9983217,-25873.839755555557
9983267,-27520.188483333335
9983865,-4321.175081666667
9984730,1093.21088
9985954,-48623.20296638889
9986831,49374.65179305556
9989297,-9431.429116666668
9989821,-98395.1982638889
9989833,102809.20983666668
9990818,30764.530314999996
9991082,8405.090893055554
9991109,22317.277207777777
9991252,10004.203878333334
9994917,-24667.602521111112
9996795,-31494.71591
