imo,anc_after_jit,emission_range
1013315,2.3574478803624,1-10
1013327,4.0869931776606006,1-10
1014838,21.318294972245415,10-50
1015820,36.868524422967596,10-50
1017775,5.157430958407,1-10
1018547,88.11437646760889,50-100
1019101,9.2805742416421,1-10
1026726,8.4774959079906,1-10
1029716,18.2533756100421,10-50
1030985,44.2453227133676,10-50
1031393,1.4235833470705,1-10
1039357,23.425856946359232,10-50
1043011,56.4440238959625,50-100
1047433,24.13058819853416,10-50
1052256,16.110777827697998,10-50
7930175,-0.7863882321408,
8353245,2.388800120907,1-10
8356156,1.5414464787599997,1-10
8410392,1.6876498985717998,1-10
8575934,1.49130925019445,1-10
8585185,2.3401736374861,1-10
8599069,1.5363643852935,1-10
8670746,3.1147748676119997,1-10
8682361,2.0812818027374997,1-10
8701040,76.5574341633269,50-100
8705656,13.372307421272799,10-50
8705670,14.819272531364899,10-50
8717257,2.0526855818507004,1-10
8720450,1.6282198731999997,1-10
8801814,29.414908999559998,10-50
8806462,2.0574751807291998,1-10
8817801,4.04921034822015,1-10
8818207,7.09965966827,1-10
8819275,10.729979511149375,10-50
8865171,2.2611781616319995,1-10
8903014,1.6105629499043999,1-10
8907412,4.5286035201727,1-10
8907888,2.499902494538,1-10
8911085,27.8607724947328,10-50
8952857,11.533601395124048,10-50
8965294,5.3893594550992,1-10
9013701,99.08614090508874,50-100
9021332,15.568371041789149,10-50
9032331,2.9488788257579,1-10
9037965,-0.1216460616943,
9046435,7.003844481890299,1-10
9047257,15.290842691815898,10-50
9051791,5.51421050504625,1-10
9056519,10.926570897333,10-50
9058646,1.9524013749,1-10
9058751,28.0972997269872,10-50
9061679,9.864195581537999,1-10
9061928,2.88180292827,1-10
9062738,2.3697545901524997,1-10
9066447,5.2360089936154,1-10
9070450,138.481759804518,100+
9072460,2.4983355289661997,1-10
9073402,15.1833412868826,10-50
9075412,4.531007698514499,1-10
9081019,4.1705511451823005,1-10
9084372,2.5822007217816,1-10
9085613,7.0140838060199995,1-10
9085625,14.2168336157358,10-50
9085649,16.095233224014,10-50
9085651,6.4965987777361995,1-10
9086734,15.323458699738,10-50
9088768,44.09775627937335,10-50
9101106,5.857730614958399,1-10
9102095,35.485109590815,10-50
9102241,8.678618132310657,1-10
9108271,2.3055366085348497,1-10
9109988,4.6221091650465,1-10
9112117,96.79431609841636,50-100
9115573,2.4807733484827996,1-10
9116589,10.1769190316583,10-50
9117739,4.4781033143015465,1-10
9118678,3.9946981000616995,1-10
9125542,31.114506030336,10-50
9125889,2.5477624513809998,1-10
9128790,23.436864921891647,10-50
9134232,101.32560478779149,100+
9134490,9.077421807617801,1-10
9134971,93.0973085460567,50-100
9135535,18.783087865890998,10-50
9135547,67.76191201610474,50-100
9138159,3.7907298604799995,1-10
9138161,5.8915731925767,1-10
9140293,1.9875007254599997,1-10
9141998,43.2468050067821,10-50
9142095,3.1328325402860497,1-10
9143465,6.759531435815649,1-10
9144134,7.580504874496999,1-10
9145281,9.095340333409949,1-10
9147227,6.87823278705,1-10
9147708,3.55546454101785,1-10
9154141,2.9159882332424996,1-10
9155145,3.422552297835,1-10
9155391,40.4272962193677,10-50
9156565,66.86296420441505,50-100
9159098,3.67226955234,1-10
9160401,7.0835327248175,1-10
9160487,71.55448872556485,50-100
9161297,7.5688354001988,1-10
9162112,25.531243434747598,10-50
9163465,32.364982893558924,10-50
9164249,4.685651176834599,1-10
9166675,12.251074439026565,10-50
9167459,7.399230982666949,1-10
9168269,33.8262928761368,10-50
9168843,59.3853885781452,50-100
9169316,59.076394116093,50-100
9172301,12.167158078734,10-50
9174608,10.658592124740899,10-50
9175092,2.1277738175000995,1-10
9175535,54.508617675352745,50-100
9175597,9.7161843120245,1-10
9175602,22.611829305655,10-50
9176606,7.749963596828983,1-10
9176656,4.5157879121899995,1-10
9176759,2.31547401678348,1-10
9177428,6.375682574820001,1-10
9177583,49.450478614811395,10-50
9178393,14.7020143123958,10-50
9179828,28.123781296783797,10-50
9181742,9.104789551235,1-10
9182033,6.92044161068365,1-10
9185463,67.7910055307793,50-100
9185499,98.40446849083574,50-100
9185920,6.2812028487847495,1-10
9186302,11.725761755359748,10-50
9186326,45.9864724155158,10-50
9186584,3.8567878556064,1-10
9186742,3.0790619142749995,1-10
9186950,5.833016093987999,1-10
9189354,13.462346369421,10-50
9189500,8.3761547994,1-10
9190004,22.38411702307015,10-50
9193214,2.6997030041695997,1-10
9194866,50.865683157675,50-100
9197040,7.8937431574827,1-10
9197143,47.41876556628016,10-50
9197155,83.836774210792,50-100
9197296,52.07264986658724,50-100
9197349,9.4608927041395,1-10
9197478,2.2236290629211997,1-10
9198288,10.175222245118999,10-50
9198587,43.891678740504595,10-50
9199127,2.7513761133386336,1-10
9200689,8.609005501854801,1-10
9200823,113.17439299914119,100+
9202168,6.028726766249999,1-10
9202663,26.4267677562492,10-50
9202792,8.859128009731,1-10
9203796,95.65151515129995,50-100
9204984,5.1227387687916,1-10
9205067,6.4238209319329815,1-10
9205512,31.1140921928845,10-50
9205677,6.846761641096799,1-10
9208069,3.37746791327715,1-10
9208215,133.8472781788056,100+
9209283,55.189533153883,50-100
9209958,1.9875007254599997,1-10
9210062,6.48891889067203,1-10
9210268,23.458633990567996,10-50
9211559,7.4324219650047,1-10
9212589,2.720857781223,1-10
9213105,37.30098599046515,10-50
9214757,2.2043196511796994,1-10
9214898,10.973278680902162,10-50
9214903,10.472027795337363,10-50
9215098,7.593476797522199,1-10
9215892,9.906926603389898,1-10
9216731,7.780193208215049,1-10
9216987,35.35468625402579,10-50
9219264,2.18054715354,1-10
9220196,4.11310976508,1-10
9220316,7.278153430834,1-10
9220940,2.6361074743499997,1-10
9221114,2.198217641802,1-10
9222273,12.0152363897268,10-50
9222285,9.7459126777242,1-10
9222338,20.719958600014404,10-50
9222467,31.15406322096735,10-50
9223540,4.25347969826304,1-10
9224324,7.955523578224049,1-10
9224958,8.9348678936491,1-10
9225342,27.253077684505197,10-50
9225653,9.413626744457998,1-10
9227223,8.1218655153604,1-10
9228710,4.051367698963217,1-10
9229439,112.10332117543892,100+
9230012,4.1646577448523345,1-10
9230969,9.093450087135,1-10
9230971,6.511029743248568,1-10
9231509,6.562108524610047,1-10
9231511,66.73031293380564,50-100
9232022,4.567416386260999,1-10
9232058,32.08368074343912,10-50
9232175,16.44320780077187,10-50
9232400,11.471263009163199,10-50
9232761,5.832924636441099,1-10
9233234,5.7497428847844,1-10
9233260,19.999493322169847,10-50
9233844,42.893472591523945,10-50
9234094,2.9210162787959995,1-10
9234343,11.319419742617999,10-50
9234666,111.7486135052058,100+
9234678,3.0093793177359998,1-10
9235567,10.077732527222999,10-50
9236054,14.478782336857899,10-50
9236250,91.84636530731362,50-100
9236561,7.16543740907105,1-10
9236858,1.8822455941815,1-10
9236896,22.465348863795,10-50
9236913,2.384123386788,1-10
9237412,5.80514024700045,1-10
9237618,50.145143935396995,50-100
9237797,123.8807343010493,100+
9238624,18.535627906575996,10-50
9238789,49.37500949186169,10-50
9239472,46.864880239863645,10-50
9239484,10.001065802160133,10-50
9240457,7.0130531865025,1-10
9240718,38.3497553800202,10-50
9240897,5.39077977437623,1-10
9241085,51.04212320552129,50-100
9241205,67.53030356253973,50-100
9241308,11.04246551925,10-50
9241607,8.623262917399,1-10
9242120,75.94145746421874,50-100
9242699,41.606280543318,10-50
9243394,18.56118162207321,10-50
9246279,128.3018031741728,100+
9247182,100.81870427494057,100+
9247364,111.9173608394114,100+
9247390,5.3117057451794,1-10
9247560,8.3296585455854,1-10
9247584,6.128731301745,1-10
9247936,78.31444925941919,50-100
9248473,139.1021192065008,100+
9248497,6.000949636185899,1-10
9248899,30.391690437134,10-50
9248930,8.5534830346166,1-10
9249271,1.9561154203098001,1-10
9250701,37.93804747987818,10-50
9250957,6.044537847340349,1-10
9250983,11.373590588126,10-50
9251078,29.78764403483503,10-50
9251535,71.8476946794786,50-100
9251573,5.4111683178762,1-10
9252204,6.0344025389491,1-10
9252307,6.2589256216303735,1-10
9252967,11.8984365182552,10-50
9253002,9.138335289237,1-10
9253090,11.026317480006854,10-50
9254549,2.0088331855572688,1-10
9254678,37.423814202419386,10-50
9254927,103.57945593032073,100+
9255000,31.065424546149153,10-50
9255024,36.46402780733064,10-50
9255751,8.6056153200178,1-10
9255854,79.37229281667359,50-100
9256389,100.89176407397521,100+
9257084,30.80789682985605,10-50
9257137,4.949618852447999,1-10
9258129,9.236558469105299,1-10
9258179,44.12901197550865,10-50
9258870,108.40353340002419,100+
9259379,16.1400967009745,10-50
9259381,48.2994515806352,10-50
9260017,66.4445029857508,50-100
9260029,28.7564225041262,10-50
9260304,17.400082391571697,10-50
9260421,11.7745206561675,10-50
9260823,103.73887719699057,100+
9260902,14.81743411725047,10-50
9261009,22.477541119181097,10-50
9261449,8.16202968525,1-10
9261815,11.660260718678,10-50
9261918,6.344296633812,1-10
9262766,54.16424318451,50-100
9262962,3.9803018555645,1-10
9263057,19.91689698359435,10-50
9263332,18.096138785684698,10-50
9263344,7.597022658543899,1-10
9263643,76.04189962884459,50-100
9263708,7.110733144044274,1-10
9264881,94.89295143970507,50-100
9264893,101.95006786976819,100+
9265366,7.35822419521605,1-10
9265926,55.95943018242258,50-100
9266372,8.242750559124874,1-10
9266853,7.960598359325849,1-10
9266865,47.371023790497745,10-50
9266944,3.5061665377652247,1-10
9267417,5.4429221026215,1-10
9267699,5.80583598140995,1-10
9267833,4.5551445426736,1-10
9268423,6.576122704410249,1-10
9268485,44.867436700303955,10-50
9269398,5.0398846958545,1-10
9271377,19.593243614785397,10-50
9271391,42.31535923417088,10-50
9271559,36.45924074898488,10-50
9271573,84.41222437978375,50-100
9272503,3.21229760772308,1-10
9272979,19.09169123300568,10-50
9273961,39.08029881800635,10-50
9274525,90.93305723569732,50-100
9274630,5.3860334948999995,1-10
9275359,110.7212538186938,100+
9275361,15.5500252195554,10-50
9275426,59.2375784516491,50-100
9276236,5.7680432961736,1-10
9276298,5.0241073682157,1-10
9276573,38.9185307120017,10-50
9276779,1.6025364109187,1-10
9277151,3.35605222257315,1-10
9278117,9.16238114214492,1-10
9278545,6.52411737861645,1-10
9278935,1.6452820574999998,1-10
9279575,2.44598599215,1-10
9279771,10.9662575380148,10-50
9279795,1.7057359326232557,1-10
9280653,13.7640867537382,10-50
9280873,102.98796027685621,100+
9281695,34.95895315776,10-50
9281906,37.40972417326174,10-50
9281944,3.1055983109104046,1-10
9282596,6.4783107655741,1-10
9283186,9.449692598874,1-10
9283289,56.67462734490563,50-100
9283552,24.02810187767,10-50
9283617,11.552007941777699,10-50
9283643,2.15448369203979,1-10
9283801,81.85647461730751,50-100
9283887,48.64492960268985,10-50
9284403,2.0422398688767496,1-10
9284506,14.8947728028687,10-50
9284556,23.789309380383934,10-50
9284879,2.32193718279395,1-10
9284910,32.002595054629595,10-50
9284960,6.124389103685159,1-10
9285495,14.119905784182398,10-50
9285653,21.094008971264397,10-50
9286073,7.331809206089687,1-10
9286229,7.899130696370942,1-10
9286255,89.99058522783719,50-100
9286592,1.4453979362768705,1-10
9286798,27.582107178024998,10-50
9286803,4.0602776121936,1-10
9286920,33.91254086922488,10-50
9287297,57.305045581721835,50-100
9287429,19.364334845201807,10-50
9288021,8.611342210915087,1-10
9288095,132.21972419960596,100+
9288162,12.281746012872,10-50
9288459,27.32463757065671,10-50
9288473,17.803065792286336,10-50
9288758,5.1337379228568025,1-10
9288942,2.5616723706375,1-10
9289063,65.0955261060699,50-100
9289087,14.551709609773997,10-50
9289491,65.22904815267341,50-100
9289946,13.754056732801,10-50
9289958,7.045774958771999,1-10
9290270,9.39484938673065,1-10
9290347,5.785345223535482,1-10
9290476,17.200825836032973,10-50
9290660,37.49552595414546,10-50
9290799,11.3110598021925,10-50
9290880,46.0900034183696,10-50
9291286,94.9737884106166,50-100
9291432,31.73769519028614,10-50
9292228,10.996299860728753,10-50
9293466,15.53669147224674,10-50
9293741,7.428740666271599,1-10
9293818,12.3157456473669,10-50
9293820,14.918954792931599,10-50
9294068,9.286619887524646,1-10
9294159,26.118482911501797,10-50
9294290,10.4996578779864,10-50
9294329,11.103636896314775,10-50
9294525,6.6348950938524,1-10
9294563,5.418979407044,1-10
9294575,89.26159907017991,50-100
9294795,55.5075281830942,50-100
9294850,9.138234187846798,1-10
9294862,4.732554720884886,1-10
9295000,6.1207891834798795,1-10
9295024,5.001795859423895,1-10
9295270,92.06265434990128,50-100
9295323,8.222677802214,1-10
9295361,45.354379953454796,10-50
9295397,8.6184166212,1-10
9295414,10.5620002380585,10-50
9295830,126.93882332804398,100+
9296341,6.424802589869999,1-10
9296389,54.733852528777234,50-100
9297292,45.811243676778496,10-50
9297527,15.940955046,10-50
9298480,12.357923748471178,10-50
9298648,10.4601758775399,10-50
9298997,8.183706543417838,1-10
9299288,20.531426200640016,10-50
9299329,5.895175327013699,1-10
9299628,14.1904951139442,10-50
9299800,10.93840739028,10-50
9300142,12.82850185418025,10-50
9300207,35.992897064890435,10-50
9300544,20.87298824421415,10-50
9300623,35.2548243626306,10-50
9300764,17.972010759044398,10-50
9300879,35.928633123471,10-50
9301093,9.9822276394497,1-10
9301249,14.619375000430649,10-50
9301316,3.6848797252651497,1-10
9301366,4.9992495672877,1-10
9301469,7.073919190739299,1-10
9301782,12.908027718101064,10-50
9301859,13.619417845316088,10-50
9302176,10.644925950974399,10-50
9302657,2.7633255579457,1-10
9302994,7.6551637846507665,1-10
9303156,8.56133487167175,1-10
9303182,5.464169608937398,1-10
9303649,4.7357337746175,1-10
9303766,23.613692154149998,10-50
9304021,19.61924546272455,10-50
9304124,2.249388298257,1-10
9304203,30.4784053326564,10-50
9304291,2.4029332262513,1-10
9304502,4.0027189693153495,1-10
9304693,7.355854450693646,1-10
9304930,15.420785226849155,10-50
9305001,8.193198083408175,1-10
9305192,4.113129257300859,1-10
9305489,12.42981186018,10-50
9306275,5.566086698718499,1-10
9306287,10.050409823533299,10-50
9306469,4.6037815177482,1-10
9306536,2.0803165705971,1-10
9306550,15.777885533015377,10-50
9306653,5.3331038438176,1-10
9306677,4.338957977535999,1-10
9306809,47.868703188445444,10-50
9306990,10.345020143581758,10-50
9307011,9.623123383446613,1-10
9307140,75.19871678466158,50-100
9308405,8.678778072272499,1-10
9308895,55.180516478326396,50-100
9308986,4.43709123651375,1-10
9309162,12.743881103334001,10-50
9309629,2.460171404216691,1-10
9309643,35.163506375920065,10-50
9309954,8.841565405342399,1-10
9310020,23.427230033588998,10-50
9310044,123.4680745986135,100+
9310707,84.44926080724893,50-100
9311153,32.79513086224793,10-50
9311206,22.98942344542465,10-50
9311440,24.447943399490292,10-50
9311775,10.612465357296248,10-50
9311828,45.254063397238525,10-50
9312145,7.595435944288594,1-10
9312303,47.5632243687393,10-50
9313101,6.9876473821272,1-10
9313125,4.079080734879006,1-10
9313137,4.6766476423392,1-10
9313292,15.405124258644324,10-50
9313931,8.712523575599999,1-10
9314090,2.333846153992283,1-10
9314246,15.5709757802787,10-50
9314624,10.997572677952391,10-50
9314674,34.90910488422702,10-50
9314765,4.9696655413086,1-10
9314961,10.8709155358146,10-50
9315082,8.521330901915807,1-10
9315147,65.1452265273508,50-100
9315185,12.722102973684,10-50
9315367,12.687469532030503,10-50
9315381,12.889664221139999,10-50
9315472,37.35517146070255,10-50
9315484,3.49124968570105,1-10
9315616,2.03753801837465,1-10
9315642,112.61045820672608,100+
9315719,5.1025231802028745,1-10
9315848,7.9774081610674,1-10
9315886,53.7968460313382,50-100
9316335,7.515671361333689,1-10
9316373,9.050640854773699,1-10
9316969,19.11159579705035,10-50
9317133,18.3885389488014,10-50
9317511,12.130791168964485,10-50
9317963,22.0556080321478,10-50
9317987,7.1323253790768,1-10
9318046,8.3186422032241,1-10
9318101,120.62019627361799,100+
9318125,12.301792065874798,10-50
9318175,8.267136796886858,1-10
9318682,6.26975926297,1-10
9320051,7.276045403262549,1-10
9320312,39.06357732101677,10-50
9320324,14.681097134206999,10-50
9320336,28.294425090124935,10-50
9320427,6.993943858015401,1-10
9320477,14.411608517268798,10-50
9320843,89.75649148167035,50-100
9321299,59.826520861568,50-100
9321548,28.8105913360845,10-50
9321897,5.7121750282685,1-10
9321964,6.2147361560574,1-10
9322279,139.8105720437164,100+
9322293,52.18289933765702,50-100
9322358,35.772252661271125,10-50
9322877,19.64713950478305,10-50
9322889,10.67186963042715,10-50
9323015,20.1106431201951,10-50
9323041,7.636110639107,1-10
9323675,7.712339285720699,1-10
9323821,36.62236721547182,10-50
9323936,148.52467898472062,100+
9324095,2.4439570732370925,1-10
9325116,8.877577301925255,1-10
9325233,9.9543759020704,1-10
9325300,19.99773292229671,10-50
9325960,8.93921085541125,1-10
9326275,19.699077569538765,10-50
9326366,27.7240016014788,10-50
9326419,7.8461417626762024,1-10
9326421,9.965678062512799,1-10
9326689,5.971685552656499,1-10
9326706,9.3372859749189,1-10
9327102,51.45012095339887,50-100
9327114,70.36449570837884,50-100
9327786,27.381289994297216,10-50
9329552,16.722343401087837,10-50
9329693,10.03262972366628,10-50
9329796,6.0065346931722,1-10
9330290,41.297538404901424,10-50
9330575,3.5790003405915,1-10
9330616,8.79981482322995,1-10
9332250,8.357033495591,1-10
9332262,4.045963181399999,1-10
9332614,45.508832388298885,10-50
9332638,2.3186675474085554,1-10
9332729,6.505612485956399,1-10
9333058,5.409391731183,1-10
9333060,8.9431808865737,1-10
9333187,5.977482535748726,1-10
9333228,2.0457351262151997,1-10
9333254,2.384707407340618,1-10
9333278,6.300983192709374,1-10
9333826,8.0663158122131,1-10
9333840,15.515473766466398,10-50
9334210,6.3313015019771,1-10
9334480,41.70105065077382,10-50
9334571,10.67734537286,10-50
9334674,7.636720699096291,1-10
9334870,62.7337674277524,50-100
9334894,57.804808833029576,50-100
9334909,15.642296087928328,10-50
9334935,30.3990897024,10-50
9335109,6.775539793907976,1-10
9335800,10.503434714353949,10-50
9335848,11.338902145302686,10-50
9335850,54.75430154606316,50-100
9336177,8.325332804971998,1-10
9336414,72.8770453427387,50-100
9336476,2.1984706602182498,1-10
9336581,4.17019674983747,1-10
9336749,19.2246671573472,10-50
9336969,20.627955257047457,10-50
9337092,26.03273181743975,10-50
9337171,6.4382047403763165,1-10
9337298,11.6471904496464,10-50
9337717,7.468407383409001,1-10
9337731,6.764652096177246,1-10
9337755,7.2259001204982,1-10
9337949,12.0251481411132,10-50
9338228,4.31160279211035,1-10
9338840,6.5224163000369995,1-10
9339624,4.8339317321264,1-10
9339973,125.27189080842308,100+
9340635,53.37689004769557,50-100
9340752,7.18615015007514,1-10
9341005,31.828421045018047,10-50
9341342,4.6727975233602,1-10
9341354,6.058189873270799,1-10
9342047,10.80335654536315,10-50
9342097,2.25513327348,1-10
9342384,4.41753044898865,1-10
9342487,3.3526569008855995,1-10
9342918,25.945167354430293,10-50
9343338,72.62802005238797,50-100
9343405,58.8829048130553,50-100
9343467,11.7373449119616,10-50
9343675,6.4719676601139,1-10
9343742,5.6902838219064,1-10
9343833,2.5719029284076638,1-10
9343883,1.456585201983744,1-10
9343895,34.461899656433566,10-50
9344289,21.611956729165705,10-50
9344473,2.0487891512285996,1-10
9345609,22.482891493770573,10-50
9345764,45.19467939631405,10-50
9345984,15.036298773221473,10-50
9345996,51.434161592813,50-100
9346354,4.5133296424849165,1-10
9346421,23.141867120697498,10-50
9347152,4.510299691047825,1-10
9347188,36.96373820311772,10-50
9347516,10.874177248941688,10-50
9347542,103.96647090301128,100+
9347607,11.367687708216,10-50
9347918,1.2790021525824904,1-10
9348106,48.959406907586995,10-50
9348285,20.2167558689204,10-50
9348467,10.215815724999901,10-50
9348510,19.6452270034851,10-50
9348857,10.025971052895498,10-50
9348912,27.912872431928186,10-50
9349590,11.804878627065499,10-50
9349605,10.821824982175999,10-50
9349887,8.216051104175,1-10
9350094,18.647841423113658,10-50
9350393,27.721525889134497,10-50
9350800,49.77075972449521,10-50
9351024,6.930071380331008,1-10
9351036,29.057031630652126,10-50
9351048,10.786935697837858,10-50
9351050,7.952540928248698,1-10
9352004,13.339793362551298,10-50
9352078,4.587582616388,1-10
9352145,4.563696740003745,1-10
9352212,5.8241444999861,1-10
9352250,35.46969533798,10-50
9352418,7.454560389170268,1-10
9352432,24.34223083846905,10-50
9352585,2.7967930324501498,1-10
9352597,57.766186864169995,50-100
9352860,4.224702808979999,1-10
9352951,26.64007754173515,10-50
9352963,31.592376799750898,10-50
9353682,2.337023616755693,1-10
9353747,9.1147476142645,1-10
9353931,37.488441267921594,10-50
9353993,95.1652375469468,50-100
9354181,3.1457975748517497,1-10
9354545,7.689289546446999,1-10
9355240,3.5362595689200003,1-10
9355408,14.861423226998,10-50
9356294,20.533599723684393,10-50
9356309,7.959516394290999,1-10
9356830,6.779980039794,1-10
9357303,15.396235894581794,10-50
9357717,6.5179150626708,1-10
9357781,33.6423922027468,10-50
9357793,4.433389219414,1-10
9357975,26.420281582784,10-50
9358280,6.895872542185,1-10
9358292,119.29819915831999,100+
9358400,73.15486944585922,50-100
9359052,24.987970663503294,10-50
9359557,10.082519790383849,10-50
9359636,4.393319368431399,1-10
9360427,5.327553255622875,1-10
9360568,4.49157736151425,1-10
9360764,17.115738787347198,10-50
9360879,96.38354881529953,50-100
9360893,32.579390447583506,10-50
9361213,2.2591306995159997,1-10
9362061,8.629951670920226,1-10
9362293,92.33553071317155,50-100
9362712,7.36440505096095,1-10
9362994,37.179788603811446,10-50
9363302,2.7161843615127825,1-10
9363364,9.322012543391338,1-10
9363376,9.439660390585967,1-10
9364162,28.3437658405608,10-50
9364186,62.677386908564564,50-100
9364215,6.720947993580168,1-10
9364930,6.6022997513087995,1-10
9365283,1.974285098911415,1-10
9365788,17.9054351756688,10-50
9366108,23.858027932141,10-50
9366926,4.6549998635382,1-10
9366940,44.0295251872273,10-50
9367437,2.295911104433565,1-10
9367530,4.847814203521199,1-10
9367542,8.31836046523055,1-10
9367607,6.97517083471872,1-10
9367724,66.68194315084155,50-100
9367815,8.7280829099897,1-10
9367944,51.05996775985605,50-100
9368027,5.458896175261249,1-10
9368314,72.9954457742692,50-100
9368845,28.588867085366697,10-50
9369904,6.783038515812,1-10
9369978,2.2044951479324997,1-10
9369980,1.8227897105924997,1-10
9371098,7.51462253508785,1-10
9371579,5.859328048716449,1-10
9372353,36.1686506851659,10-50
9372925,5.530714353209699,1-10
9373010,4.3831121551206,1-10
9373577,4.97300808679875,1-10
9374038,51.814926293374576,50-100
9374337,5.76232583239808,1-10
9374832,2.130682578679564,1-10
9375317,46.04420980438021,10-50
9375496,9.42862662996,1-10
9375501,34.848425175675,10-50
9375513,13.741234660263999,10-50
9375769,28.320284505387008,10-50
9376359,30.145738838496897,10-50
9376749,10.223197560343838,10-50
9377420,39.03165183209252,10-50
9377729,23.9170265279955,10-50
9377937,3.3813977020592008,1-10
9378008,24.630322381443612,10-50
9378266,41.118014876565,10-50
9378632,14.041062997391695,10-50
9378694,4.579840517791501,1-10
9379064,4.409453518272299,1-10
9379155,4.60059892228764,1-10
9379375,8.537619451807466,1-10
9379715,15.627735096914199,10-50
9379727,7.827489212177599,1-10
9379777,5.2929359647575,1-10
9380271,75.59513989367645,50-100
9380427,12.239918227024999,10-50
9380661,72.78183019416959,50-100
9381316,4.755740817744269,1-10
9381392,33.65851379439615,10-50
9381720,12.614617285035989,10-50
9381756,8.3639263408142,1-10
9381847,7.867972715153175,1-10
9382683,2.3638216574833457,1-10
9383223,19.06449886956735,10-50
9383429,140.487369353173,100+
9383481,2.7345822419544996,1-10
9383493,2.9661828479745,1-10
9383596,4.210532717907,1-10
9383998,83.89667504965347,50-100
9384215,5.4700847820981995,1-10
9384239,9.335629226119762,1-10
9384617,8.97697183677769,1-10
9384954,33.36174448065404,10-50
9385049,38.0586663556871,10-50
9387009,122.51873445220889,100+
9387358,18.91175744434178,10-50
9387566,117.49865786289033,100+
9387578,104.35387555631675,100+
9388209,2.13052619157318,1-10
9388730,2.622818235709648,1-10
9388833,4.084400785410001,1-10
9388912,1.8902621713949999,1-10
9389019,6.046808065280371,1-10
9389021,5.794537287399335,1-10
9389033,99.67933521425485,50-100
9389253,13.157637092208686,10-50
9389710,2.37505605456,1-10
9389758,124.79978455011427,100+
9389760,84.78724136703386,50-100
9389849,93.8713320139544,50-100
9390240,9.508444587878401,1-10
9390252,10.4513067209929,10-50
9390525,56.040588071295645,50-100
9390599,3.0419166912435,1-10
9391622,23.77090393630771,10-50
9391763,10.675210427308349,10-50
9391775,13.036460212732063,10-50
9391799,137.72017066243498,100+
9391969,29.432036571237102,10-50
9392327,41.814428594148,10-50
9392339,3.67606800787275,1-10
9392341,6.799329192648,1-10
9392779,27.378058078526397,10-50
9393022,53.65973539163136,50-100
9393084,11.201842323033299,10-50
9393565,40.420590357032594,10-50
9394325,97.3454556440753,50-100
9394507,109.50710401952928,100+
9396141,44.36906177731353,10-50
9397157,107.0847165073774,100+
9397212,5.860844834510199,1-10
9397262,16.2409132268801,10-50
9397286,5.300707507809191,1-10
9397511,43.21886427050605,10-50
9397767,4.444134686352499,1-10
9397781,59.43742022166944,50-100
9397846,22.335226271848754,10-50
9398058,5.993139376070695,1-10
9398072,15.225217201781463,10-50
9398137,3.21017903980182,1-10
9398151,32.18273419251024,10-50
9398395,99.53565692061639,50-100
9398424,20.698758914973997,10-50
9398943,92.45468341958713,50-100
9399090,27.158064306863075,10-50
9399478,37.944124309287,10-50
9400148,55.915009739278254,50-100
9400679,6.4448899736298,1-10
9400796,11.723507904399499,10-50
9400813,50.9223035393812,50-100
9400825,4.564955616575,1-10
9401104,14.340691720739999,10-50
9401398,25.5447748066605,10-50
9401790,48.7099710201585,10-50
9402213,80.0950297235326,50-100
9402237,16.138255102060302,10-50
9402469,4.130751463608389,1-10
9402483,58.3452454485173,50-100
9402768,7.580346225432469,1-10
9402990,99.17516526263482,50-100
9403011,7.5501715960769,1-10
9403126,6.04475076432468,1-10
9403322,33.487728531702494,10-50
9403669,6.5497999400991995,1-10
9403671,6.8574496688807,1-10
9404431,30.094116765394418,10-50
9404778,32.43618877992214,10-50
9404871,23.746051321859827,10-50
9404883,8.13563118391639,1-10
9404895,84.19709866466626,50-100
9404924,6.010666377933261,1-10
9404950,79.16902745430401,50-100
9405033,10.8188759796759,10-50
9405332,3.8191981637336476,1-10
9405851,2.0827929394645786,1-10
9406001,4.1370961271321525,1-10
9406154,55.85007088418907,50-100
9406518,4.8041072332054435,1-10
9406611,10.352884093728,10-50
9406635,34.3830214581921,10-50
9406685,77.84911853841173,50-100
9407316,9.270042908295853,1-10
9407536,10.564331003967881,10-50
9407653,35.0944732127451,10-50
9408554,4.677958425042432,1-10
9409144,2.671804936601347,1-10
9409247,46.39047920477304,10-50
9410179,95.83983053240719,50-100
9410399,12.816569799754133,10-50
9410959,20.924727262163678,10-50
9410997,80.23307026648462,50-100
9411238,71.44453636011188,50-100
9411379,45.38843273506415,10-50
9411692,49.9601828631492,10-50
9412567,4.842828544248648,1-10
9412787,10.0160569700305,10-50
9412854,6.5366585609703,1-10
9413028,12.692355918004033,10-50
9413779,6.968117480334971,1-10
9414060,96.61594579294304,50-100
9414149,15.323489882734393,10-50
9414931,8.77629564074014,1-10
9415014,53.6873796138503,50-100
9415478,2.03576233248,1-10
9415650,44.517980742314634,10-50
9415662,4.92883906193452,1-10
9416068,53.332806016883694,50-100
9416422,12.837194677291562,10-50
9416630,10.158684219598799,10-50
9416642,127.92012678705615,100+
9416654,126.15197322151444,100+
9417127,16.9562336462646,10-50
9417177,83.170448224542,50-100
9417464,90.35633058744969,50-100
9417775,4.4396342967967,1-10
9418640,13.362561204867001,10-50
9419008,2.3996572868656996,1-10
9419357,64.62001010354692,50-100
9419369,5.120758993738409,1-10
9419618,9.17389728993228,1-10
9419620,8.548081477713275,1-10
9419668,5.0761850758224005,1-10
9419670,4.843647745286701,1-10
9419888,5.932964947415454,1-10
9419955,9.620638238003481,1-10
9420291,3.8180557964468496,1-10
9420590,33.35717842394371,10-50
9420605,3.3355318768787523,1-10
9420837,26.305725574006374,10-50
9420849,33.35852445648385,10-50
9421271,37.4042058998903,10-50
9421843,51.38218946303541,50-100
9421972,7.3002239702909595,1-10
9422158,50.280529955796915,50-100
9422495,4.421146136946609,1-10
9422615,14.598775804129998,10-50
9423267,23.330470085715948,10-50
9423504,5.9318379816643345,1-10
9424091,13.471883044187624,10-50
9424118,27.85835071287976,10-50
9424211,5.4949396421838745,1-10
9424522,25.207609724542298,10-50
9424649,50.0575911912468,50-100
9425045,42.7001158775547,10-50
9425057,2.5335661841619,1-10
9425069,2.1874963374599,1-10
9425186,7.80916320751195,1-10
9425277,13.9731768278989,10-50
9425461,39.9561689338744,10-50
9426104,2.5229183598121083,1-10
9426142,2.07033026488365,1-10
9426257,1.2730362766505998,1-10
9426324,16.202761753581285,10-50
9426374,71.00189761722599,50-100
9426594,72.6196422630525,50-100
9427330,2.4494183525544,1-10
9427897,2.3217817685499997,1-10
9428308,54.76385629508775,50-100
9428310,5.147438188139249,1-10
9428358,37.15608261795739,10-50
9429039,38.48723149044302,10-50
9429065,20.438648564728,10-50
9429302,10.033300002886449,10-50
9429869,3.7380341865221474,1-10
9430442,4.122072180770999,1-10
9430674,2.0479447320702,1-10
9430686,74.12533249715695,50-100
9430765,11.0414116909228,10-50
9430789,7.691522255135399,1-10
9431109,17.5660098310242,10-50
9431214,3.7022854317416,1-10
9431240,17.159288023067916,10-50
9431252,15.522154058839835,10-50
9431343,6.7063538531794,1-10
9431381,10.149237916121999,10-50
9431680,10.5232267951538,10-50
9431757,7.9345858936211995,1-10
9431886,27.7110896610394,10-50
9433509,39.72240444441427,10-50
9433793,16.1764348085052,10-50
9433860,2.420295217504,1-10
9434096,5.46002614756,1-10
9434204,5.236241293665,1-10
9434242,2.1781584477380003,1-10
9434319,5.212174603696973,1-10
9434400,4.366703039171719,1-10
9434436,48.45892040363979,10-50
9434498,2.358520572471,1-10
9434527,30.21672313451046,10-50
9434553,35.78025266644072,10-50
9434565,5.633397470420326,1-10
9434668,6.246014478132749,1-10
9434694,7.434369915374999,1-10
9435533,7.25396132003445,1-10
9435569,103.22362198689159,100+
9435600,3.8399396374560997,1-10
9435612,5.6930782579729495,1-10
9435686,8.3748147290865,1-10
9436082,9.601258300772344,1-10
9436355,24.3992464587861,10-50
9436965,3.9317297379854996,1-10
9437189,8.001459694305,1-10
9438315,2.5053258316905,1-10
9438327,4.757183377737499,1-10
9438523,14.19047689165854,10-50
9438535,8.650789106839383,1-10
9439204,4.0259954448829,1-10
9439589,12.561309679547389,10-50
9439773,9.07553657402184,1-10
9439838,4.4018314908236995,1-10
9440538,49.26062338852728,10-50
9440667,7.2862198169085,1-10
9440784,14.187471318670374,10-50
9440813,19.198632595583998,10-50
9441398,14.7931774571344,10-50
9441764,10.70667532065985,10-50
9442158,5.58761122072402,1-10
9442172,7.0865303704392995,1-10
9442469,32.57791414547819,10-50
9442550,35.2442322433982,10-50
9442665,4.9140236387803,1-10
9443401,23.8771845260579,10-50
9444027,43.804590438548914,10-50
9444182,44.559963486707495,10-50
9444211,20.090979535659,10-50
9444962,4.996924453624278,1-10
9445174,14.833972609914198,10-50
9445215,45.61232134505566,10-50
9445227,37.00352026618475,10-50
9445241,15.265578948670749,10-50
9445459,10.36190802866115,10-50
9445461,10.289857789109774,10-50
9445473,81.1417861981857,50-100
9445538,7.713453702818135,1-10
9446075,28.4591592638873,10-50
9446439,6.201605161546137,1-10
9446477,6.000087730937999,1-10
9446489,5.168283991289999,1-10
9446506,24.68903945231693,10-50
9447184,52.799916962477845,50-100
9447574,10.698249746992234,10-50
9448059,41.737488350592216,10-50
9448229,14.048146565512598,10-50
9448372,6.16881434677695,1-10
9448384,12.6491643613038,10-50
9448554,5.272945121930977,1-10
9448750,30.22771494051814,10-50
9449106,5.4921219178254,1-10
9449546,8.113403943663199,1-10
9449558,50.539910951711995,50-100
9449819,11.0636062014555,10-50
9449857,9.801822382362598,1-10
9450222,2.3767196175292495,1-10
9450296,12.26273275190085,10-50
9450571,8.622835247920824,1-10
9450600,82.0300680993453,50-100
9450947,5.383586983466756,1-10
9451769,3.6080006067196804,1-10
9451927,11.565960887411999,10-50
9451939,8.133616379457,1-10
9451965,12.5498233434231,10-50
9453559,17.22955267059,10-50
9453858,4.4309907637923995,1-10
9453963,4.17898108295395,1-10
9454199,28.74955562881922,10-50
9454400,22.538004095549,10-50
9454486,142.20201584940318,100+
9454668,5.5506865322532954,1-10
9454711,2.8827925349593997,1-10
9454723,4.3266676940724,1-10
9455375,25.4363645489784,10-50
9455686,4.518186116117888,1-10
9455789,2.8662495285531002,1-10
9456989,12.8265674157882,10-50
9457220,49.315967348225996,10-50
9457452,9.540335082050701,1-10
9457610,5.478194555929683,1-10
9457737,5.742473590442364,1-10
9458614,122.38289477694205,100+
9459424,31.224936670010162,10-50
9459527,4.5137244815651165,1-10
9459682,2.3032925073941994,1-10
9459917,18.3517831886724,10-50
9460033,27.186238575163205,10-50
9460564,54.04838754067614,50-100
9460629,2.00066298192,1-10
9460722,25.089408477587178,10-50
9461099,22.493342937942828,10-50
9461142,12.6020601214561,10-50
9461403,18.26720265779256,10-50
9461439,16.89659265016322,10-50
9461635,6.28432109543595,1-10
9462081,4.42885454652515,1-10
9462483,2.548951970861921,1-10
9462495,2.617129489497878,1-10
9463085,178.8916529424422,100+
9463310,10.6812122360944,10-50
9463346,22.4493536488834,10-50
9464572,25.51476947190075,10-50
9464663,50.71980086194864,50-100
9465241,13.262594820839999,10-50
9466984,27.289287878641797,10-50
9467299,19.686114567598498,10-50
9467665,50.12805923113324,50-100
9467744,11.0975818853066,10-50
9468293,22.6768079321659,10-50
9468310,13.2364378564503,10-50
9468360,3.1415835862467,1-10
9469259,5.635853966082148,1-10
9469637,5.233248326896844,1-10
9469649,54.88198893616554,50-100
9469869,14.34307129138494,10-50
9469962,6.6841101060577195,1-10
9470545,10.997620519257405,10-50
9470662,4.113507176205,1-10
9470832,18.782104482129935,10-50
9471185,5.3708949923976,1-10
9471226,13.5891228497746,10-50
9471408,24.0359486808509,10-50
9471434,5.15302340409,1-10
9471642,1.6886887180055123,1-10
9472206,10.847415291289598,10-50
9472763,8.677836942788304,1-10
9473028,22.638403185577832,10-50
9473561,56.47094547935669,50-100
9473767,10.599519217859738,10-50
9473834,6.102593299164777,1-10
9474553,4.264259337259475,1-10
9474591,26.4658849862711,10-50
9475686,16.34156822794829,10-50
9476525,20.41213158824957,10-50
9476642,48.59500660256534,10-50
9476654,3.0632690081201,1-10
9476836,33.70284865521367,10-50
9477414,4.1292910743744,1-10
9477529,37.31016228482241,10-50
9477830,85.87545931663784,50-100
9477933,20.238528295455815,10-50
9478042,14.158519149885949,10-50
9478107,2.4986167370782497,1-10
9478523,17.936720995567374,10-50
9478664,131.38738029518015,100+
9478676,9.13696507926378,1-10
9478717,8.454556066139999,1-10
9478729,5.231397328944599,1-10
9478810,10.54602125871606,10-50
9479008,26.909798371822383,10-50
9479046,1.5292555495083298,1-10
9479216,29.69150513960793,10-50
9479321,24.728167583590928,10-50
9480095,4.7670742517928,1-10
9480954,18.777758662186976,10-50
9481051,2.7870238721753995,1-10
9481520,9.828245453241601,1-10
9481702,3.637226689002485,1-10
9482079,2.5605366226303996,1-10
9482122,2.3935755719494503,1-10
9482483,23.34810723780808,10-50
9482550,7.768279114122374,1-10
9482861,11.105397955360498,10-50
9483487,6.5267623881,1-10
9483827,34.43941388063794,10-50
9484003,10.119756369225,10-50
9484340,10.4567473322823,10-50
9484481,15.13514305369,10-50
9484508,8.547861839712,1-10
9484558,9.84690009041355,1-10
9485538,30.718479591671798,10-50
9485863,5.146010219704838,1-10
9486025,18.2832370819746,10-50
9486075,11.103470670368699,10-50
9486544,6.396883725194706,1-10
9487043,2.123032464332175,1-10
9487952,9.485044173028,1-10
9488061,25.2911556107658,10-50
9490648,17.450251441640848,10-50
9490818,6.0489352809207,1-10
9492232,27.990836835110127,10-50
9492517,4.330934511863,1-10
9493042,25.2025294326729,10-50
9493066,35.982749852181406,10-50
9493119,14.587893309835598,10-50
9493121,9.6509025932956,1-10
9493640,21.638392692061597,10-50
9493951,19.393918188958477,10-50
9494101,2.3723761258855998,1-10
9494280,8.708146648433699,1-10
9494400,20.666123451074935,10-50
9494541,7.4810688589310965,1-10
9494589,26.407676761662,10-50
9494606,13.0583261384478,10-50
9494670,7.111600931930611,1-10
9494876,63.18413803616325,50-100
9495404,2.6299523708459995,1-10
9496628,15.7444080087784,10-50
9497323,38.1758427363661,10-50
9497335,28.416804282615598,10-50
9497854,26.374859279546563,10-50
9498327,47.046322400862834,10-50
9498365,27.269416686533997,10-50
9498389,6.5827409243452495,1-10
9498559,23.20374314689813,10-50
9499618,26.4375350543055,10-50
9500091,25.130819287563437,10-50
9500704,33.21662130058293,10-50
9500716,66.9503705932814,50-100
9500754,22.0498541549156,10-50
9500924,6.622971901800346,1-10
9501356,12.732919232790898,10-50
9501629,9.6713371554142,1-10
9502958,20.315304084459378,10-50
9503201,35.6198815590984,10-50
9503249,19.9062294622245,10-50
9503689,4.7707430453225,1-10
9503782,21.352572581515453,10-50
9504023,49.8980906071451,10-50
9504308,6.78563707588326,1-10
9505041,95.84296684801754,50-100
9505106,4.48411159612,1-10
9507506,4.7713637485116,1-10
9507960,27.63805446185938,10-50
9508158,28.4845328881352,10-50
9508469,21.45543197546445,10-50
9508706,2.21286031298959,1-10
9508938,66.3258422764275,50-100
9509413,45.918310472905496,10-50
9509449,4.2849572536628635,1-10
9509528,25.57891798605375,10-50
9509700,2.7519191804098804,1-10
9509786,4.712029313762399,1-10
9509841,20.1207265531875,10-50
9509968,38.7974511996072,10-50
9510474,25.862522614359058,10-50
9510486,70.93284059878589,50-100
9510541,8.154062387016,1-10
9510682,2.604622046521926,1-10
9511014,2.231623865184339,1-10
9511105,44.05986293042892,10-50
9511143,41.30407269754151,10-50
9511234,28.870867370259198,10-50
9511246,2.37778708500626,1-10
9511416,34.24538588840995,10-50
9512111,5.548330369653499,1-10
9512123,5.559865360027,1-10
9512202,3.2124683470937967,1-10
9512343,27.79410789719987,10-50
9512630,7.749515349975026,1-10
9512941,21.7405877576776,10-50
9513115,81.74692945402393,50-100
9513402,58.91880135973442,50-100
9513751,24.62923956329955,10-50
9513919,10.196361337679999,10-50
9514303,43.254964599012446,10-50
9514339,3.779110315590841,1-10
9514559,86.60393585221551,50-100
9514561,138.13956573662458,100+
9515096,15.187784446586992,10-50
9515266,24.276179229474486,10-50
9515424,3.001067596527,1-10
9515929,7.5048665521181945,1-10
9515931,10.752958006795637,10-50
9516492,33.07610083124503,10-50
9516739,11.706848475609307,10-50
9516935,138.55717144274328,100+
9516959,8.29092365685864,1-10
9517032,56.414860595894396,50-100
9518189,12.352321283817842,10-50
9518347,7.5163650504006005,1-10
9519341,24.309595065967,10-50
9521887,2.2206766691795,1-10
9522099,4.379188772605883,1-10
9522180,10.381084266980876,10-50
9522659,22.69992039245299,10-50
9522697,21.642970519559572,10-50
9522788,4.4242414511743,1-10
9523005,12.162894599196848,10-50
9523043,9.473346615010298,1-10
9523249,66.45321499004253,50-100
9523495,18.130530204175024,10-50
9523574,23.37136385818594,10-50
9524449,51.85234813913558,50-100
9524695,29.825915759441457,10-50
9524970,10.099515230820707,10-50
9525376,11.457155550083499,10-50
9525467,10.249502093551998,10-50
9525766,2.53804257008575,1-10
9525900,12.976245162619199,10-50
9526461,10.840154301637245,10-50
9526887,17.03148296589,10-50
9526904,14.024783894757299,10-50
9526930,170.3632130326887,100+
9528158,23.6960977496923,10-50
9528184,1.1824466653678989,1-10
9528366,10.997237687821878,10-50
9528536,7.6237985245256,1-10
9529944,2.499780621793,1-10
9530307,21.532403356976697,10-50
9531595,5.90344545252495,1-10
9531882,74.1769196934591,50-100
9532525,68.95690980037634,50-100
9532575,8.458726641553755,1-10
9532628,38.03206896545199,10-50
9532757,5.44225374189029,1-10
9532771,13.437310306818533,10-50
9532795,12.883364539468724,10-50
9534030,96.77949716214779,50-100
9534779,11.429604762081413,10-50
9534781,90.00173077226441,50-100
9534793,55.04832511794099,50-100
9534808,8.739147041303722,1-10
9534810,10.086143329913922,10-50
9534858,107.66601177770364,100+
9534975,11.814097359685087,10-50
9534999,4.3808811685470745,1-10
9535010,32.335019975813246,10-50
9535058,143.99337226326608,100+
9535785,93.8421230175416,50-100
9535797,10.170017749026,10-50
9536090,4.0902640301838,1-10
9536337,10.295238565120432,10-50
9536674,5.4214034029539,1-10
9536818,6.8839030489815,1-10
9536844,3.2849873241650998,1-10
9537006,19.01491903394928,10-50
9537745,72.84221624869991,50-100
9537757,6.9179727425537445,1-10
9537769,115.0164476114292,100+
9537848,5.630500155211144,1-10
9537903,22.38853860864927,10-50
9538361,18.01188926981735,10-50
9538983,13.440276158490569,10-50
9539016,41.88509957864895,10-50
9539523,4.661025015193969,1-10
9539913,6.447884228009999,1-10
9540118,384.1879959652326,100+
9540120,21.5950242227652,10-50
9540481,45.88255377255186,10-50
9540871,38.83334813839863,10-50
9541071,3.556870899507,1-10
9541318,38.95252152269791,10-50
9541825,37.4384081610708,10-50
9541875,4.046432849815748,1-10
9542166,2.3209214264525246,1-10
9542855,31.8922600553869,10-50
9542879,15.4095309549772,10-50
9542984,78.8864160676752,50-100
9543263,1.4975137916423997,1-10
9543615,18.591237012618738,10-50
9543794,52.687119444940194,50-100
9543885,14.060240374850668,10-50
9543914,21.724506642616273,10-50
9543926,14.363312361975,10-50
9544918,5.24477095513495,1-10
9545211,7.061767312323499,1-10
9545297,35.093675555629076,10-50
9548093,23.6680353171218,10-50
9548586,15.4704492055299,10-50
9548811,4.7429171661603995,1-10
9550125,2.0399486612707496,1-10
9550163,1.8609253616297248,1-10
9550644,5.062340543943,1-10
9551686,2.0452221500545757,1-10
9552824,29.312391681210958,10-50
9552977,26.412574473322707,10-50
9553232,1.4780105452740886,1-10
9553488,128.146469896116,100+
9553634,15.727068060596098,10-50
9554078,9.14795899704,1-10
9554080,7.49560890319965,1-10
9554286,2.05117314108525,1-10
9555230,7.030169052567382,1-10
9555242,4.09814045374055,1-10
9555357,2.18785951824,1-10
9556430,28.955264352148,10-50
9556791,6.89264646464855,1-10
9557226,1.3195527719385,1-10
9557240,16.210513251215833,10-50
9558165,60.71351815458082,50-100
9558189,46.00643352851415,10-50
9558218,15.787660328049999,10-50
9558361,96.30753902246249,50-100
9559482,24.529387156783198,10-50
9560388,33.08837655462477,10-50
9560390,32.71196568051561,10-50
9561277,7.501844495703501,1-10
9561411,2.0272994890672,1-10
9561629,22.3639991711241,10-50
9562673,10.3223814651805,10-50
9562685,6.082129935867126,1-10
9562697,125.19575013803482,100+
9563237,8.567816577176142,1-10
9564279,23.96357877650773,10-50
9564396,11.0044502307955,10-50
9564401,2.193124420824,1-10
9564853,37.67759004665205,10-50
9565338,10.314526607800797,10-50
9565625,38.2497657871835,10-50
9565716,19.41400204529713,10-50
9565869,7.38474306867025,1-10
9566150,76.05483108974754,50-100
9566382,14.164170495047898,10-50
9566423,23.48053693910414,10-50
9566514,60.93832038625463,50-100
9566643,2.00600605262288,1-10
9566851,1.70957319455754,1-10
9566980,22.09055000896206,10-50
9566992,43.958951053937035,10-50
9567051,4.119732568489974,1-10
9567233,28.53925603972828,10-50
9567403,4.273961144296759,1-10
9567740,3.6922801032823,1-10
9567776,34.7892942154218,10-50
9567972,28.50862880795641,10-50
9567984,2.466722366822777,1-10
9568017,54.578798625442495,50-100
9568512,19.133500329932176,10-50
9569499,50.54783122428758,50-100
9570852,8.719162050255337,1-10
9571210,2.4828829656987494,1-10
9572185,93.0390719197992,50-100
9572575,60.89898765342669,50-100
9572886,2.1718308148176,1-10
9573995,15.4684224087924,10-50
9574078,58.3805606187525,50-100
9575101,6.614286801393968,1-10
9575187,26.711708809972134,10-50
9575448,31.589631822823563,10-50
9575515,39.15517151322811,10-50
9576741,23.697903968948623,10-50
9577434,2.334628648019304,1-10
9578610,37.63672064687647,10-50
9579066,5.2355839671861455,1-10
9579339,12.938679027158411,10-50
9580015,31.703057949875078,10-50
9580209,29.854447473614208,10-50
9580508,42.75684952673034,10-50
9581203,8.24942062160607,1-10
9581370,2.19786963682806,1-10
9581423,78.06196578265305,50-100
9583720,28.878789938016496,10-50
9584059,78.66163381783275,50-100
9584243,31.01162464524499,10-50
9585194,81.26413482509788,50-100
9585900,77.83852665232719,50-100
9586966,1.1144043802799999,1-10
9587386,19.514094130039062,10-50
9587790,9.1155490070451,1-10
9587881,5.3698392564969994,1-10
9588304,29.393894694092246,10-50
9588603,33.50985672841328,10-50
9589384,3.1159442101061994,1-10
9589580,28.128538996796,10-50
9589592,4.5477481387677,1-10
9590060,59.127145662775575,50-100
9590101,2.0615183885268,1-10
9590113,32.90663593363165,10-50
9590589,6.2342053800593,1-10
9590852,39.558802260633435,10-50
9591052,7.174331671403519,1-10
9591284,111.7550844310129,100+
9591662,15.737029090961999,10-50
9592032,2.4759566196715,1-10
9592056,1.3283552693928,1-10
9592082,2.2760071116011518,1-10
9592214,106.6818426220413,100+
9592226,2.9467568866775484,1-10
9592434,37.35309552699379,10-50
9592446,43.72143745627837,10-50
9592692,6.34606034438475,1-10
9592800,41.206873699130476,10-50
9593062,23.248191854875454,10-50
9593270,5.502054228613999,1-10
9593440,6.231210118904249,1-10
9593452,4.212936972551735,1-10
9593799,2.2114859784187737,1-10
9593957,78.24455564287163,50-100
9594597,20.566796033980623,10-50
9594602,2.1817791280275,1-10
9594664,32.744645946160446,10-50
9595228,9.590775506691022,1-10
9595618,127.4357998227518,100+
9595620,13.096793415821798,10-50
9595670,2.2346578231614287,1-10
9595761,4.9508786457142495,1-10
9595981,32.713959696664,10-50
9596260,82.08365533972777,50-100
9596466,50.171900036798746,50-100
9597006,7.023111927016999,1-10
9597678,2.8777545281635812,1-10
9597771,24.080953120067317,10-50
9597800,2.3325912451737,1-10
9597977,30.37932114918656,10-50
9597989,38.47286882538429,10-50
9598220,30.7981337102304,10-50
9598775,1.5531462622799999,1-10
9599004,23.989319630254293,10-50
9599145,23.330229359490733,10-50
9599171,8.616884458245119,1-10
9599743,2.1469175882847,1-10
9599779,3.4414635036292496,1-10
9600059,3.81965423697975,1-10
9601194,4.0567749341826715,1-10
9601235,89.37380350520041,50-100
9601314,16.51702101754,10-50
9601936,17.0699367842739,10-50
9602289,10.933345962191998,10-50
9602320,22.879748201637597,10-50
9602473,7.752675853616088,1-10
9602617,101.15939642960583,100+
9602629,133.69130533219925,100+
9602655,13.800281489747777,10-50
9602667,38.011643717590395,10-50
9602710,38.42580359986362,10-50
9602916,140.80314825421783,100+
9603001,2.5050355626048,1-10
9603207,74.98178864135674,50-100
9603283,3.6262920525138997,1-10
9603611,7.82182112276025,1-10
9603659,27.907614920131348,10-50
9603946,13.433284488672,10-50
9604029,47.904013774612196,10-50
9604158,12.4074064568103,10-50
9604299,2.4516519887473773,1-10
9604392,82.50474039804989,50-100
9604811,2.114923328446225,1-10
9604976,45.3224047153342,10-50
9605839,30.480135077824997,10-50
9605994,2.3534368893599997,1-10
9606314,21.2425790538078,10-50
9606326,68.9304031496987,50-100
9606546,22.161396070549664,10-50
9606780,32.4244923216735,10-50
9606986,3.1886844348528,1-10
9607045,44.32182456264364,10-50
9607203,73.96269405960162,50-100
9607423,7.289542481668676,1-10
9607863,120.40561951475952,100+
9608049,4.4494356208785,1-10
9608051,6.6398751321419995,1-10
9608843,2.06048909371305,1-10
9608922,21.83646721868325,10-50
9609122,2.3373575939117432,1-10
9609158,36.928404105780295,10-50
9609641,8.654298520364815,1-10
9609952,30.163109731758798,10-50
9611620,97.336790915811,50-100
9612064,55.05554501280847,50-100
9613068,25.398122100324848,10-50
9613147,10.013781128988,10-50
9613226,1.6734604456287898,1-10
9613329,3.6315234586388767,1-10
9613848,5.978742092687826,1-10
9614048,140.43962881466388,100+
9615042,11.844711765145368,10-50
9615054,20.50514653106148,10-50
9615119,18.26318559238761,10-50
9615133,1.5009140412279,1-10
9615676,30.197314642346797,10-50
9616802,8.840656340640999,1-10
9617428,17.775308784472198,10-50
9617662,25.8276685777383,10-50
9617741,16.52227039459605,10-50
9617961,15.852994717,10-50
9617997,22.609624998615,10-50
9618630,33.6282731922504,10-50
9618783,8.150597491887499,1-10
9619660,26.8589901882258,10-50
9619933,79.45166048129329,50-100
9619945,30.3407289778952,10-50
9620279,1.9962755631000002,1-10
9620566,30.106282908220198,10-50
9620619,6.1271257608,1-10
9621273,58.82467767061688,50-100
9621716,1.6618677193670497,1-10
9622174,2.095143430448675,1-10
9622540,16.956599705361008,10-50
9623609,7.0027062964283,1-10
9623831,20.66975431441515,10-50
9624237,130.58390598532273,100+
9624263,16.015716848151325,10-50
9624665,20.125959434767513,10-50
9624914,2.1152540953470003,1-10
9625267,2.30757877183585,1-10
9625413,76.56889624200599,50-100
9625841,21.99374632122577,10-50
9625968,6.743315525259299,1-10
9626261,4.95086211341145,1-10
9626405,8.86191259000165,1-10
9626431,42.69420621516149,10-50
9626675,11.74772483484851,10-50
9626986,2.3234142274751997,1-10
9627095,3.05377464439125,1-10
9628219,5.749306447886925,1-10
9628635,4.80936054410175,1-10
9628697,25.295883849366597,10-50
9628805,4.91309406766485,1-10
9629366,9.859496897607745,1-10
9629586,23.4850922455786,10-50
9629914,16.118861699862,10-50
9629952,71.8674024561318,50-100
9629990,4.12552886273625,1-10
9630248,17.04737880682509,10-50
9630793,34.8818089818906,10-50
9631333,34.66238845457983,10-50
9631694,21.1251502129957,10-50
9632064,17.8760668114602,10-50
9632090,47.22057586090649,10-50
9632131,24.690969115416898,10-50
9632155,16.6211238685086,10-50
9632210,18.8368071463847,10-50
9632284,12.4864980531685,10-50
9632820,9.363109185497603,1-10
9632947,15.12579759381605,10-50
9633020,2.249205896088492,1-10
9633161,5.543623008383799,1-10
9633226,39.38441377883535,10-50
9634098,85.8684602708688,50-100
9634696,25.207832115807847,10-50
9635078,4.401016956981899,1-10
9635377,4.5243356426191,1-10
9635688,10.35701081085,10-50
9635810,77.25110245464305,50-100
9637155,12.854015065535599,10-50
9637428,1.14273525770686,1-10
9637507,17.134850394324747,10-50
9638410,21.204539920685797,10-50
9638903,9.879668545243199,1-10
9639373,4.6877276764568,1-10
9639529,4.0553899587435245,1-10
9639555,13.709709678350398,10-50
9640619,17.075765260343193,10-50
9641508,2.1222186458304,1-10
9641900,24.68430623309497,10-50
9642514,2.8766403987917997,1-10
9642784,14.371119445238659,10-50
9643283,10.99954995026928,10-50
9643556,5.1462397424335435,1-10
9643609,29.5155446239215,10-50
9643960,11.295569352397798,10-50
9645736,4.6026153545429995,1-10
9645798,84.12378781985821,50-100
9646900,2.1967475666521192,1-10
9646924,2.1633789929400002,1-10
9646936,2.4508863362619997,1-10
9646948,2.27401825014,1-10
9648790,2.334935546906,1-10
9649299,14.4545815889899,10-50
9649524,3.8688288828124,1-10
9649861,16.96120745569119,10-50
9651034,24.281079272083915,10-50
9651864,2.17165166188245,1-10
9653408,10.237769359668851,10-50
9653422,64.20160996898612,50-100
9654397,2.34632656847595,1-10
9654799,17.3417513690445,10-50
9655377,2.1937593778254496,1-10
9656137,34.6871249020467,10-50
9656412,20.90370366257442,10-50
9656876,5.051969703225,1-10
9657026,31.68997733070523,10-50
9657040,11.9374757497203,10-50
9659490,33.8317165312182,10-50
9659505,4.39072300206955,1-10
9659672,39.4619330922609,10-50
9659775,2.5008814002705075,1-10
9659866,4.972916276880652,1-10
9661223,22.282534828994677,10-50
9661273,21.784356578941324,10-50
9661443,2.34617830763225,1-10
9661455,2.3278791149705,1-10
9662423,41.08510219519744,10-50
9662667,2.1747581981525,1-10
9662837,2.0739206889395,1-10
9662875,10.162178668338079,10-50
9662887,133.1661146283029,100+
9663336,23.281330950898795,10-50
9666508,22.5664610635776,10-50
9666558,83.83410201838748,50-100
9667174,13.145195547415598,10-50
9668506,3.3687433613915,1-10
9669263,4.3883656122642,1-10
9670004,4.6543287156303,1-10
9670016,27.712558026261675,10-50
9670224,5.460785785678399,1-10
9671424,8.834489335998509,1-10
9671462,13.57578154635575,10-50
9672313,4.5683857514771,1-10
9673109,2.22991414635715,1-10
9675119,4.725409033589999,1-10
9675640,34.10900491640595,10-50
9675688,13.251659364889674,10-50
9675705,12.0502559401329,10-50
9675729,27.985529787447238,10-50
9675767,24.39516176126705,10-50
9675810,8.434010387870849,1-10
9676113,34.33946540448612,10-50
9676199,4.0696356374125,1-10
9676735,9.18007369467258,1-10
9676876,5.315550918244479,1-10
9680097,89.33105203204214,50-100
9680190,79.28241585329994,50-100
9680279,17.149819281758997,10-50
9680293,15.960549004107,10-50
9680724,42.22425595544415,10-50
9681118,70.80522796966434,50-100
9681285,44.38360700117374,10-50
9681326,16.5552112728658,10-50
9681390,2.2071790452073823,1-10
9681704,56.93159560340902,50-100
9682253,32.682796305886,10-50
9682942,46.93070286162774,10-50
9682966,36.707618940730164,10-50
9683013,85.92149324884369,50-100
9683025,3.1512162845491107,1-10
9683104,15.809109435200915,10-50
9683350,52.39651935604407,50-100
9683661,75.21135183340363,50-100
9683843,14.064746315445063,10-50
9684225,20.176904912515333,10-50
9684641,16.36044126722591,10-50
9685059,2.4459323681422,1-10
9685097,2.0500555680136,1-10
9686352,117.1636389364968,100+
9686546,14.901217934680245,10-50
9686649,5.086695407845275,1-10
9687447,35.98324651752969,10-50
9687588,14.9122436317815,10-50
9687746,43.95155607276296,10-50
9688831,2.85532034110092,1-10
9689043,64.8263048673366,50-100
9689677,58.25497034960706,50-100
9689902,23.55835052169083,10-50
9691412,38.92627604817416,10-50
9692155,2.6755693557258264,1-10
9693410,2.258264345383026,1-10
9693745,18.435978279351122,10-50
9694713,2.286651684863,1-10
9695145,200.7976616216074,100+
9696072,7.929564842503499,1-10
9696084,16.566643572204597,10-50
9696864,36.48329489001839,10-50
9697222,6.1714204544802955,1-10
9697416,51.46973496340877,50-100
9698197,2.4663061793468244,1-10
9698628,16.514602426421398,10-50
9699335,26.227260919662058,10-50
9700005,21.71026988821152,10-50
9700445,93.4211894989699,50-100
9701176,3.8436420996563094,1-10
9701322,2.5211097006104413,1-10
9701358,38.62432179626522,10-50
9701944,2.7695581301249996,1-10
9702223,2.1161245846752,1-10
9702273,24.233934558297598,10-50
9702455,94.06242738888999,50-100
9702493,2.258567415875884,1-10
9703318,26.7557076997955,10-50
9703538,3.9628123748228994,1-10
9703576,26.85166165949064,10-50
9703942,2.7775432323774,1-10
9703954,6.7317782034072,1-10
9704037,6.423605905490399,1-10
9705081,15.904915685658999,10-50
9705160,30.185425066930893,10-50
9706073,4.377424778694898,1-10
9706384,113.34459208996334,100+
9706401,112.90304137819572,100+
9706413,75.724186708544,50-100
9706786,11.406265325442957,10-50
9707508,6.9724469894656,1-10
9707807,66.78731640288012,50-100
9708071,75.22651995967311,50-100
9708083,87.03601246419457,50-100
9708435,16.434137843510918,10-50
9708447,22.103156312692498,10-50
9708497,11.368021775186964,10-50
9708502,106.18572663899305,100+
9708849,23.1611303267722,10-50
9708851,15.900253046387899,10-50
9708875,23.5779608669131,10-50
9709087,73.7751453122355,50-100
9709271,41.2129588317824,10-50
9710074,32.05394305606407,10-50
9710177,4.1217721618656995,1-10
9710921,2.4983278986726,1-10
9711080,2.473407359775,1-10
9711092,2.3988212398349997,1-10
9711860,4.045963181399999,1-10
9712307,55.354529766400894,50-100
9712668,7.3066041462609,1-10
9712864,75.32317578058559,50-100
9713014,40.694597167545,10-50
9713064,2.6234903848816304,1-10
9713337,7.623419977182001,1-10
9713430,23.813623650488402,10-50
9713715,1.3522159096407358,1-10
9713806,14.59073742123301,10-50
9715933,43.093621246018195,10-50
9717113,92.20059763441807,50-100
9718105,12.768691413632562,10-50
9718351,44.62994395613172,10-50
9718882,4.812379883072159,1-10
9718935,20.993139359710604,10-50
9719355,2.4333333582306107,1-10
9719903,5.063089165825014,1-10
9719915,2.29191516736458,1-10
9720043,46.50535764718524,10-50
9720225,1.8205400568236114,1-10
9721011,3.963276338004537,1-10
9721023,12.461065250747906,10-50
9721308,21.785308323478024,10-50
9721499,31.83104452329673,10-50
9721683,18.248667248356128,10-50
9721865,4.205576952429152,1-10
9721877,21.311781459014345,10-50
9722118,34.5052002627465,10-50
9722429,28.555776489079122,10-50
9722699,11.311290300644998,10-50
9722924,68.9963500816627,50-100
9722936,8.98737310965,1-10
9722950,37.84323458343146,10-50
9723045,22.840307331917835,10-50
9723095,57.22828346694624,50-100
9723124,8.80764790248,1-10
9723162,36.51528308342373,10-50
9723265,40.08007062825549,10-50
9723514,60.89375761492586,50-100
9723526,29.58244319126661,10-50
9723655,3.055367579455365,1-10
9724453,6.278610536016375,1-10
9724661,5.070116282066527,1-10
9725299,98.87467519200383,50-100
9725471,31.751510155837604,10-50
9725706,16.60648221473588,10-50
9726023,25.240546747394255,10-50
9726061,4.789156046515689,1-10
9726085,44.76653784509886,10-50
9726827,35.930976259463996,10-50
9727003,89.31043420934701,50-100
9727039,63.56833092378254,50-100
9727209,56.37288960639273,50-100
9727211,7.755394838796089,1-10
9727314,23.03116679995344,10-50
9727405,25.65930607898006,10-50
9727546,6.495420370029297,1-10
9727637,23.3862766581933,10-50
9728356,13.730598047941806,10-50
9728667,19.354114282321436,10-50
9728693,11.3100561006552,10-50
9728710,6.008709962705999,1-10
9729099,14.285944364159997,10-50
9729180,55.89418092052521,50-100
9729350,26.519668408920378,10-50
9729908,2.2944671190590995,1-10
9730086,8.249227548683916,1-10
9730098,9.415885528615014,1-10
9730191,1.9858554434025,1-10
9730402,3.5768250111810906,1-10
9730854,126.38307114167254,100+
9730983,13.39250557146136,10-50
9731913,13.795652854456199,10-50
9731951,53.662532728481196,50-100
9732199,29.575942106935997,10-50
9732266,69.17697980821059,50-100
9732503,94.42791459839586,50-100
9732577,5.533041958058006,1-10
9732591,52.738812140649,50-100
9732826,72.27708549996237,50-100
9733325,2.911242812518722,1-10
9733337,32.77354208267864,10-50
9733765,43.324773148384,10-50
9733806,128.08695201639148,100+
9733947,83.45082076857418,50-100
9734513,63.96690510921362,50-100
9734525,5.8543677274234405,1-10
9735036,8.96331170196467,1-10
9735153,26.126314492246966,10-50
9735256,4.452807256863,1-10
9735361,9.736521077093933,1-10
9735373,9.389974946935538,1-10
9735581,61.619238880340504,50-100
9735646,2.727292662159,1-10
9736066,11.284963473202607,10-50
9736729,41.927616496581955,10-50
9737395,3.9597391945932747,1-10
9738040,32.55630402260002,10-50
9738208,3.481891272608892,1-10
9738337,1.6646426732804893,1-10
9738662,45.43312560077928,10-50
9738753,19.365481132816882,10-50
9738856,6.394917323608742,1-10
9739537,46.81961366720942,10-50
9739953,51.4416663617247,50-100
9740110,19.827108468040677,10-50
9740811,11.87508979523743,10-50
9741566,12.3093928980634,10-50
9742247,23.10081320738759,10-50
9743318,8.9307229486035,1-10
9743734,8.668057778944302,1-10
9744817,27.546807108352798,10-50
9745598,16.978719781319874,10-50
9746073,6.1643443194311,1-10
9746205,41.165803430816105,10-50
9746243,2.6116932868225584,1-10
9746499,6.4812697298463995,1-10
9747118,66.73425901898725,50-100
9747261,7.3856931075184,1-10
9747326,5.881430306879999,1-10
9747522,2.0760121312199997,1-10
9747895,49.853228978941154,10-50
9747950,61.34065536673867,50-100
9748291,5.460018464278249,1-10
9748813,27.655472898208984,10-50
9748916,10.46341382585263,10-50
9749104,38.082273954204,10-50
9749532,3.48328758030575,1-10
9749611,3.5971540140164304,1-10
9749702,54.98806928846581,50-100
9750921,40.40348306985518,10-50
9750983,4.12081664775201,1-10
9751028,44.30077349823648,10-50
9752711,40.51205323454049,10-50
9752993,8.73250960362648,1-10
9753569,3.1641701455036197,1-10
9753583,3.74610555083334,1-10
9754824,54.884584659251246,50-100
9754953,22.861281937338898,10-50
9755191,24.2084665458342,10-50
9755945,46.4864233470357,10-50
9755957,39.5717749837797,10-50
9756731,10.9500876741608,10-50
9756743,33.072872170006384,10-50
9757230,12.481305479409249,10-50
9758131,3.8800587933823927,1-10
9758727,5.701293334095165,1-10
9758765,16.41610662252135,10-50
9759604,38.185867785107256,10-50
9759824,9.244208762552635,1-10
9759977,13.558994741471299,10-50
9760471,4.54124011298944,1-10
9761023,9.3291078898242,1-10
9762338,18.3811750796196,10-50
9762340,20.821526099946,10-50
9762998,8.115495170281928,1-10
9764972,3.010367016852,1-10
9765366,5.861774707658105,1-10
9765562,45.569625894148864,10-50
9766229,3.937300399151208,1-10
9766231,8.772708705424085,1-10
9766530,108.0645541954671,100+
9766889,10.8092842767155,10-50
9767376,19.69970125914,10-50
9767560,23.48946449177173,10-50
9767845,29.1820138930355,10-50
9767912,2.1394151021025,1-10
9769283,18.393597727481897,10-50
9769647,7.8847718397825,1-10
9769855,73.6090404165284,50-100
9770505,148.28829122257585,100+
9770696,127.66517280694579,100+
9770933,5.472980690471999,1-10
9771341,10.5114790043699,10-50
9771652,4.4457875351178195,1-10
9771743,102.55580823359625,100+
9773210,15.225231986619859,10-50
9773313,18.957615529013278,10-50
9775139,8.1428824029407,1-10
9776171,17.7960116785824,10-50
9776200,17.1352299484432,10-50
9776212,24.105737995524,10-50
9776547,101.75636178373075,100+
9776743,6.96516360928365,1-10
9777204,16.5257394757884,10-50
9777371,3.4574864345225884,1-10
9777395,22.394867333125557,10-50
9777802,5.3382322489272,1-10
9778117,45.4970620987465,10-50
9778296,11.100558378058919,10-50
9778478,67.8596976812966,50-100
9778791,18.249260020431596,10-50
9778820,19.0454534977773,10-50
9779604,97.74163239369472,50-100
9779616,83.92013400369247,50-100
9779824,8.567006958515135,1-10
9780158,2.3816651048956423,1-10
9780445,12.7150636039328,10-50
9780471,32.6651529475568,10-50
9780627,5.648202874787097,1-10
9780897,21.636518501196097,10-50
9780988,5.41718633043852,1-10
9781279,94.28355886477692,50-100
9782027,11.418142956821168,10-50
9782091,6.946681024634749,1-10
9782118,31.92571789664568,10-50
9782170,2.17205845191,1-10
9782182,19.0377471131939,10-50
9782209,34.404581367803715,10-50
9782326,28.328156348648072,10-50
9782352,11.49123523218696,10-50
9782508,11.0800307263584,10-50
9782625,3.882788446666635,1-10
9783368,29.871552749997313,10-50
9783382,6.369323360962199,1-10
9783411,8.202996633030441,1-10
9783681,69.52354177599713,50-100
9783708,52.55245121049829,50-100
9783710,77.8715448487859,50-100
9783722,10.856570280224501,10-50
9783734,60.53078312548307,50-100
9783904,78.83294930168044,50-100
9784142,31.5620933301918,10-50
9784269,19.5731706438024,10-50
9784295,15.754427432085599,10-50
9784312,36.4072871637192,10-50
9784611,64.453423864545,50-100
9785392,25.17308915294712,10-50
9786152,2.2750633180423367,1-10
9786164,26.60872151783664,10-50
9786633,2.1131103325671896,1-10
9786712,18.0980723232782,10-50
9786724,13.047657929291761,10-50
9786748,17.9617939018903,10-50
9786841,17.288809872461165,10-50
9786932,12.3244153565173,10-50
9787015,16.213873691864,10-50
9787455,1.5167818726269,1-10
9787754,10.22956405159416,10-50
9787780,107.08577709911206,100+
9788473,5.16782693670336,1-10
9788899,50.62321704006267,50-100
9788978,33.842905517450305,10-50
9789635,22.5039163947488,10-50
9789867,37.04605748281826,10-50
9790074,4.7089549412994,1-10
9790086,28.800333254149695,10-50
9790622,17.601011132311438,10-50
9791171,2.655413034382877,1-10
9792424,17.716974765994998,10-50
9793478,5.6121540134588495,1-10
9793741,11.322710497490338,10-50
9793961,150.78209066916838,100+
9794290,2.8008952690468503,1-10
9794812,10.05073418474431,10-50
9794824,11.011219356477707,10-50
9796195,36.22350035126592,10-50
9796298,46.05772234642412,10-50
9796547,13.256139436669239,10-50
9796597,2.111445307125,1-10
9796810,6.014624711961599,1-10
9796822,54.102254122928024,50-100
9797008,22.40845729297615,10-50
9797917,23.039338971570597,10-50
9798002,4.6765545370727875,1-10
9798014,51.605180706731346,50-100
9799147,8.706897525391215,1-10
9799159,8.499121883227637,1-10
9799161,9.047847070461394,1-10
9799202,6.1484020926694996,1-10
9800271,21.64829499778038,10-50
9802188,58.14008886489082,50-100
9802516,46.117763486249395,10-50
9802530,30.9759627894408,10-50
9803388,6.469716405573,1-10
9804887,6.336575858706822,1-10
9804916,2.057309442274104,1-10
9805087,10.74886527309376,10-50
9805099,5.989922626780123,1-10
9805130,5.85846041015072,1-10
9805647,27.229985665986614,10-50
9805661,14.189277956003203,10-50
9805685,1.7576193729548997,1-10
9805697,1.7683548113561307,1-10
9805714,44.2854453405476,10-50
9805788,29.92488574475799,10-50
9805790,20.56734610290601,10-50
9806110,43.02209121921909,10-50
9806354,38.16297507409655,10-50
9806665,3.69848514281886,1-10
9806689,4.054738019039999,1-10
9806914,35.70689675383341,10-50
9809057,2.46755624928755,1-10
9809069,32.155317606535895,10-50
9809071,4.3860611046325495,1-10
9809083,62.2174694400049,50-100
9809576,2.3244228039223,1-10
9809887,4.0928604495338,1-10
9810056,63.9331242922515,50-100
9810240,18.401433880044646,10-50
9810666,21.473363254444543,10-50
9810991,59.604951484615015,50-100
9811505,36.3743157112869,10-50
9812406,2.0449174130844,1-10
9812418,53.39170557788585,50-100
9812664,7.5073400027163,1-10
9812913,7.4802590309668995,1-10
9813034,2.4944937821149,1-10
9813060,6.426539859355899,1-10
9813137,49.791782707302396,10-50
9813230,42.463062203791,10-50
9813864,3.5015814010288526,1-10
9813876,4.8067244302688215,1-10
9814129,63.51071306134784,50-100
9814193,2.326293221501638,1-10
9814404,4.3301992482936,1-10
9814909,7.9817180052358,1-10
9815252,6.2524623623607605,1-10
9815628,74.9041362704475,50-100
9815630,6.492613644951,1-10
9816024,36.773123830180296,10-50
9816323,7.873867013473317,1-10
9817884,24.1217887420168,10-50
9819997,56.7917010852066,50-100
9820714,2.3097931996125,1-10
9820855,20.570332434498024,10-50
9820922,14.562739623077999,10-50
9822255,32.72950226692774,10-50
9822267,7.2934849411891065,1-10
9823560,4.8302592824143495,1-10
9823572,39.615846393873994,10-50
9823742,7.133898385297701,1-10
9823754,5.436113398765354,1-10
9824057,50.21803359032979,50-100
9824875,35.168411075658,10-50
9825049,2.1901702254852,1-10
9825063,2.33410681224,1-10
9826110,12.43578648000445,10-50
9826574,5.713708982222849,1-10
9826885,2.3307090001093997,1-10
9827358,132.39354406781837,100+
9827360,10.86248741023768,10-50
9827700,113.05500342297796,100+
9827956,5.164598135576,1-10
9827968,17.735771782325997,10-50
9828235,2.5426749531232,1-10
9828900,5.002132129642136,1-10
9829370,82.00586733028203,50-100
9829382,67.9156825146536,50-100
9829643,86.79280108287722,50-100
9830109,30.99911983936209,10-50
9830989,6.666789657514619,1-10
9831218,8.521907255983919,1-10
9831816,110.17282461398241,100+
9832274,10.266058878149016,10-50
9832999,5.45633482346892,1-10
9833228,39.7296912221964,10-50
9833371,9.311708187964909,1-10
9833735,69.06659205502551,50-100
9834131,31.82013650673,10-50
9834454,9.947777817632401,1-10
9835886,12.180133472483025,10-50
9835903,4.961105411652399,1-10
9836725,7.4384023602195715,1-10
9836799,2.1397344086944,1-10
9837638,9.143692072213337,1-10
9838486,17.4716622044469,10-50
9839014,41.08021160429628,10-50
9839143,54.7370771968289,50-100
9839260,20.38804912053,10-50
9839272,18.856992558221997,10-50
9839284,57.6550405103745,50-100
9839466,30.816981807138,10-50
9839856,6.2456770654899945,1-10
9840697,11.75721527745426,10-50
9840702,7.681099810317878,1-10
9840738,5.152180218495731,1-10
9841342,7.1001829752123005,1-10
9841366,68.74189766491327,50-100
9842047,2.0675711189249997,1-10
9842097,10.1154299927538,10-50
9842102,14.177487370929597,10-50
9842358,4.2752130211334,1-10
9843302,120.9549896315765,100+
9843326,10.583839092128398,10-50
9843364,26.284242070127767,10-50
9843443,3.5972500317235196,1-10
9843637,2.7459558950686427,1-10
9843675,5.284027067098,1-10
9843780,17.3453182133736,10-50
9844100,58.1345222626174,50-100
9844277,92.94851106931857,50-100
9845013,17.45486861072067,10-50
9845075,4.5649871975124,1-10
9845104,9.742588958393863,1-10
9845128,33.008318729948954,10-50
9845233,8.862872928156516,1-10
9845283,24.530700250829533,10-50
9845697,10.504649145895664,10-50
9845702,16.83811867133004,10-50
9845752,5.545280583692099,1-10
9845958,3.8164579228871545,1-10
9846108,2.0840430152339997,1-10
9846366,43.527570479088794,10-50
9846378,1.7417134576477913,1-10
9847061,19.772517222498802,10-50
9847554,29.70089583732012,10-50
9847621,135.8285091428831,100+
9847970,33.719006730264056,10-50
9847982,4.6673226605306395,1-10
9848132,22.497388849725724,10-50
9848211,127.74575012956375,100+
9848948,15.669856119183299,10-50
9848998,2.5340681938949996,1-10
9849318,33.37837860336356,10-50
9849320,43.5770249977851,10-50
9849760,35.186128986194724,10-50
9849863,10.727796789362161,10-50
9849992,52.27453997822089,50-100
9851593,10.9694410660668,10-50
9851608,6.311536577604125,1-10
9852028,3.4766932739228444,1-10
9852092,31.21266419374425,10-50
9852121,12.87504305254368,10-50
9852274,40.8842716417116,10-50
9852743,36.51461554379689,10-50
9852810,18.104125789946742,10-50
9853266,5.72531182922124,1-10
9853486,30.350728860232444,10-50
9853527,5.765421077953127,1-10
9853539,74.68325037280468,50-100
9853591,10.612075106353982,10-50
9853644,28.1001781492715,10-50
9853852,12.748534896339432,10-50
9854313,1.9960466860848902,1-10
9854480,14.233371929511536,10-50
9854521,41.1597981894577,10-50
9854545,6.38327815058412,1-10
9854557,32.77755411373245,10-50
9854703,91.8356624791976,50-100
9855707,41.8708794137742,10-50
9856086,10.992592301810346,10-50
9856945,43.301068881200585,10-50
9857171,17.8714873635846,10-50
9857195,4.154903532534699,1-10
9858046,96.56434585828964,50-100
9858058,6.225278207846628,1-10
9858462,72.48817778875699,50-100
9858723,7.908472067944178,1-10
9858735,27.425076341921436,10-50
9858747,45.673729961725385,10-50
9858797,4.963202757872573,1-10
9859014,19.83737212856791,10-50
9859181,76.98711321921117,50-100
9859387,108.79887818217058,100+
9859765,21.10922654904281,10-50
9859777,40.18829922215895,10-50
9860673,11.67845799075275,10-50
9861471,38.816270047056,10-50
9862475,37.2742080579456,10-50
9862487,5.8205781855384995,1-10
9862839,37.88124446338549,10-50
9862891,98.40030525004171,50-100
9863223,87.32025508710001,50-100
9863314,16.497648707274806,10-50
9863869,30.2478744514086,10-50
9864241,25.6176142252239,10-50
9864332,34.97299898187143,10-50
9864514,11.50331538213375,10-50
9865104,2.7835192306355845,1-10
9865984,11.141533627174892,10-50
9866172,21.119845189904044,10-50
9866562,28.39483587251895,10-50
9866574,53.21087972735812,50-100
9866598,16.164019261055,10-50
9867140,23.862646379294997,10-50
9867281,4.552223994810049,1-10
9867580,45.153453447755226,10-50
9868118,7.4012245113243535,1-10
9869198,13.80064299855569,10-50
9869203,14.932713175314936,10-50
9869227,20.3499612445732,10-50
9869318,3.5657911366306,1-10
9869526,38.249126220213,10-50
9869978,13.682710398113926,10-50
9869992,10.031999872602965,10-50
9870159,2.882267647062656,1-10
9871165,7.731701009483406,1-10
9871385,4.330016757105,1-10
9871464,7.7022828766848,1-10
9871488,12.6254672128134,10-50
9871490,6.4461292604819995,1-10
9871517,12.441174639066,10-50
9871787,23.996313919807,10-50
9872066,29.17346978699586,10-50
9872080,22.979733041437242,10-50
9872121,31.631568107206498,10-50
9872236,13.861911674671099,10-50
9872248,6.091402739714499,1-10
9872389,4.806899933380199,1-10
9872406,8.300090310075,1-10
9873888,36.61573996847558,10-50
9873979,6.147869985667199,1-10
9874210,108.1091070044938,100+
9874222,137.5163049358478,100+
9874612,40.82574678111336,10-50
9874820,10.4506990528887,10-50
9875056,26.11931613267446,10-50
9875068,6.0833023352477,1-10
9875123,3.821816687620302,1-10
9875159,15.211096058596807,10-50
9875226,2.00623204708263,1-10
9875367,36.887713339655996,10-50
9875783,5.03190432014508,1-10
9876440,147.2372508350952,100+
9876490,48.85940825369716,10-50
9877779,10.2403576105776,10-50
9877781,5.495600810303604,1-10
9877793,7.567145727382223,1-10
9877884,27.816515302885783,10-50
9877937,30.931081719354736,10-50
9878058,6.218304898422033,1-10
9878072,3.317083321219782,1-10
9878644,10.38839095866356,10-50
9878711,45.188744719275,10-50
9879363,3.717996488478887,1-10
9880491,36.666581072549995,10-50
9881861,18.457730432090464,10-50
9881873,29.205593580574266,10-50
9882217,13.160806524374218,10-50
9882229,10.335452343045944,10-50
9882449,3.0007971026188796,1-10
9882487,15.4538115622877,10-50
9884033,5.984657809507045,1-10
9884629,51.668205772804555,50-100
9885087,40.1923054315107,10-50
9885166,7.489300081072501,1-10
9885855,3.1424194213248,1-10
9886495,80.7256554195537,50-100
9886653,30.269850539488182,10-50
9886990,6.571531281212748,1-10
9887712,23.081785580057254,10-50
9887748,36.23082060696122,10-50
9887750,26.935926334737825,10-50
9889148,2.345751488084,1-10
9889552,59.50801615046946,50-100
9890616,5.26085519013855,1-10
9890977,8.939847317276161,1-10
9891127,38.8248606978866,10-50
9891995,7.0512645141557915,1-10
9892133,100.65007317024201,100+
9892468,4.4015949517221005,1-10
9892717,46.5029687908969,10-50
9892846,27.490934919324598,10-50
9892949,31.1370086139728,10-50
9893096,20.66763636825684,10-50
9893216,80.1503963354535,50-100
9893852,13.389996879292498,10-50
9893876,57.115975210192794,50-100
9893890,44.065406536905,10-50
9893905,30.2419157219885,10-50
9893979,120.3144647158665,100+
9893993,29.904192038793,10-50
9894612,22.696344239165697,10-50
9894648,16.819760543764193,10-50
9894674,5.2153674067947495,1-10
9894741,23.89724391087924,10-50
9894973,13.5625036167643,10-50
9895006,16.4528132626353,10-50
9895329,36.576728006832,10-50
9895654,44.04158230587469,10-50
9896244,44.0658445208445,10-50
9896414,99.94722612348099,50-100
9896933,61.7034027832539,50-100
9896983,28.090079137763,10-50
9896995,20.424246703486897,10-50
9897028,26.802062051344397,10-50
9898761,44.15209500193818,10-50
9899583,4.617625731698701,1-10
9900083,10.047001176385788,10-50
9900253,5.054327463947399,1-10
9900265,2.5632178230204,1-10
9900291,2.0157485201170675,1-10
9900667,35.70713079030469,10-50
9901099,2.0598416315082,1-10
9902392,22.648478246972413,10-50
9902524,6.5740481653496,1-10
9902689,17.12327272729524,10-50
9902782,54.904582016568106,50-100
9903982,4.404489482404,1-10
9905447,8.206645660390548,1-10
9905617,38.450516704990655,10-50
9905679,7.39967629507955,1-10
9906049,39.83114284287264,10-50
9906776,149.6804721175308,100+
9907847,2.0624054101577998,1-10
9908059,17.3702517873561,10-50
9908097,22.7851106239035,10-50
9908126,18.8335586548608,10-50
9908621,73.99202872983255,50-100
9909223,31.300541060049422,10-50
9909613,28.2254784857424,10-50
9910117,141.34981124704024,100+
9910765,26.673913859333407,10-50
9911240,28.473613840495403,10-50
9912000,9.637958965942499,1-10
9913559,2.80263863217,1-10
9913626,2.21810617248029,1-10
9913858,7.368493987532,1-10
9913951,6.1756041953298,1-10
9914242,12.852881735907665,10-50
9916197,21.7506208519275,10-50
9917804,7.812073104757349,1-10
9918145,7.000101292998,1-10
9919216,37.09449505924536,10-50
9919450,5.603449448703379,1-10
9919486,12.341702104597,10-50
9919723,85.20378404735426,50-100
9920693,10.62759316678998,10-50
9921087,4.091172670980001,1-10
9921623,27.939910525666605,10-50
9922249,1.9423084040406,1-10
9922691,5.857314943587029,1-10
9923097,3.57660554115225,1-10
9923401,18.99371353239965,10-50
9923487,87.76219896992326,50-100
9923657,33.9580427182731,10-50
9924091,82.2328378529503,50-100
9924194,14.589288275872498,10-50
9925291,2.0927987771399996,1-10
9925368,6.681625555289999,1-10
9925992,31.842610849802373,10-50
9926661,97.21495616119503,50-100
9926697,139.13751198593587,100+
9926738,11.4385800242195,10-50
9927304,40.8464584500612,10-50
9927964,129.1636567056384,100+
9929041,24.706649464143567,10-50
9929302,20.21219313350731,10-50
9929651,28.665774302468353,10-50
9929663,8.829127174724947,1-10
9930052,29.502208248400603,10-50
9930519,6.534394156890095,1-10
9930791,8.07783473657952,1-10
9931185,20.8443209662182,10-50
9931343,4.6782085672619,1-10
9931850,5.72489880778725,1-10
9932426,2.4535514282543995,1-10
9932828,6.439268354819999,1-10
9932842,6.833200065938399,1-10
9933016,13.5082279606956,10-50
9933664,7.202290096925626,1-10
9934400,1.99188814428,1-10
9934412,4.9186578764030005,1-10
9935521,2.0123603279851,1-10
9935686,4.8120866254548,1-10
9935882,7.8265384987903,1-10
9936159,3.6393703757442997,1-10
9936264,2.2609958172205755,1-10
9936379,16.916020727276997,10-50
9936393,14.9714839595763,10-50
9936422,16.67442761593,10-50
9936513,22.8240915684036,10-50
9936616,20.1431395868508,10-50
9936630,26.636092144009197,10-50
9936991,4.7461195579938,1-10
9937323,12.918173541460801,10-50
9937969,3.3762398069246,1-10
9938262,14.845981420325,10-50
9938303,18.754681978439,10-50
9938315,12.7846485962995,10-50
9938614,27.925863663835244,10-50
9938834,10.9197097797184,10-50
9938999,4.45774071856875,1-10
9939137,11.622234302712,10-50
9939345,42.37893992042002,10-50
9939357,12.375477876345425,10-50
9939591,3.5802056090513994,1-10
9939979,12.053895272251198,10-50
9940344,42.56373375040902,10-50
9940681,46.504987533435596,10-50
9940693,1.2709287259725,1-10
9941051,6.2574537189192,1-10
9941726,2.8222562441871597,1-10
9942201,1.9444715922762001,1-10
9942299,10.475509164481698,10-50
9942847,61.53074088800079,50-100
9943748,14.947119810666479,10-50
9943841,7.396536164322399,1-10
9944326,2.404997383873602,1-10
9945356,7.570301900238199,1-10
9945631,39.911299892628264,10-50
9945643,53.29400761444082,50-100
9945849,19.588377289065697,10-50
9945863,12.836584507616799,10-50
9946063,4.244435034365609,1-10
9946726,121.9318609116186,100+
9946752,20.61376766462437,10-50
9946764,19.305317593014514,10-50
9947897,13.4508993393765,10-50
9948413,2.0581534290492,1-10
9948889,2.0051478989359994,1-10
9949211,19.74089171411643,10-50
9949259,25.780719482954744,10-50
9949261,4.294614566550593,1-10
9950284,33.927054391864594,10-50
9950624,19.8577704213576,10-50
9950935,10.4672281763997,10-50
9950959,9.4569957436359,1-10
9951551,13.2035235252437,10-50
9951771,25.48593226090775,10-50
9952086,3.0436986827279995,1-10
9952141,39.37133054413333,10-50
9952660,16.01942691839011,10-50
9952737,14.5077610262114,10-50
9953119,5.476462912725549,1-10
9953511,41.6031426995294,10-50
9953717,5.215728083884763,1-10
9953781,14.78818845324982,10-50
9954474,10.9614559638144,10-50
9955002,2.931675818030934,1-10
9955820,2.63335436904045,1-10
9955868,4.005511603784799,1-10
9956721,2.2155806928176998,1-10
9956733,8.4327944687928,1-10
9956898,21.64167331983871,10-50
9957024,2.8212019538032918,1-10
9958092,6.38296314663,1-10
9958224,2.3606715967468856,1-10
9958597,54.62499846354599,50-100
9958602,2.8364662671299996,1-10
9958640,5.9034222967034,1-10
9958688,12.16364734885575,10-50
9959541,74.03447021913405,50-100
9959759,36.89742924684,10-50
9960150,19.1085383278072,10-50
9960239,12.908606383671241,10-50
9960497,8.891069054598399,1-10
9961893,25.92743727834421,10-50
9962380,19.99035185952,10-50
9962536,42.85373180967,10-50
9964194,14.447331220425399,10-50
9964209,11.3299648083732,10-50
9964211,11.778357104203799,10-50
9964601,4.9284753088824,1-10
9964857,16.45297280995495,10-50
9965928,50.07566304566931,50-100
9966958,27.5546596342539,10-50
9966960,31.35473326614045,10-50
9966972,30.94369125748185,10-50
9967275,118.6121313770245,100+
9967421,132.824490567398,100+
9967445,16.6041684023427,10-50
9967457,153.29101354843348,100+
9967471,46.1114992271564,10-50
9967524,10.3698268427379,10-50
9967627,33.7971118637198,10-50
9967639,26.136078195272148,10-50
9968358,2.235830779871364,1-10
9968906,16.534730293127797,10-50
9970002,9.994389585614,1-10
9970428,6.27853277590625,1-10
9970442,10.423856686778748,10-50
9970454,10.7560131699945,10-50
9971458,5.637414388677185,1-10
9971903,24.090706482455026,10-50
9972036,8.6309996112042,1-10
9972983,6.0467771795475,1-10
9973274,23.678730922211148,10-50
9973872,60.739670313475195,50-100
9974175,41.2435096795464,10-50
9976056,2.9755789854501686,1-10
9976408,19.759921268943703,10-50
9976472,3.8186168349790504,1-10
9976628,29.918314027223428,10-50
9977153,22.6396877195412,10-50
9977397,3.1615155027744,1-10
9979199,2.7478327236842497,1-10
9980655,7.1709165427455,1-10
9981104,13.1777593090218,10-50
9981465,23.075155728693446,10-50
9981776,5.5608778575972,1-10
9982055,2.348296986881613,1-10
9983217,11.667966276646258,10-50
9983267,2.1919617548367,1-10
9983865,21.7122493771287,10-50
9984730,22.62141371320691,10-50
9985954,72.65158871271119,50-100
9986831,6.895211223578924,1-10
9989297,9.666431676750465,1-10
9989821,16.515417596120997,10-50
9989833,10.428473915205299,10-50
9990818,13.448567324536421,10-50
9991082,2.05327178975415,1-10
9991109,45.2792168985376,10-50
9991252,14.794469785124749,10-50
9994917,4.3919801459283,1-10
9995674,2.1845323923014996,1-10
9996795,15.153219431181,10-50
